x1,x2,y
1.9262436931481295,0.8476998632725775,0.0
-0.16869798073211179,0.00814670244860087,0.0
0.460030715543956,1.2995715870871234,0.0
-1.0239637117379945,-0.403717732445998,0.0
-0.2551029055387355,-1.6436840263555477,0.0
0.030087969470280362,-1.9838409594579323,1.0
-2.475753307481788,-1.0961924230335547,1.0
0.48259931060157046,0.3193895751151488,0.0
1.3458518190466218,0.6650526045354861,1.0
0.7093357865648992,1.3144310907277066,1.0
-0.8644496235488215,-0.7781539299725827,0.0
-2.043078487221841,-2.3939604394851015,1.0
0.1382333148299744,0.25684353269939814,1.0
0.11681458921799942,-1.0264944841068449,0.0
0.7477950668660169,0.9724979914847929,1.0
-1.606357380133398,-0.8691134374283775,0.0
0.5066133436424156,-0.04070616877381816,1.0
0.9039854051646864,0.4342563781076062,1.0
-0.1722344893626257,0.5248760242297967,0.0
-0.3921115416450816,0.950115857138486,0.0
-0.41372408303129216,0.9779872447137097,1.0
-0.6031931279436624,0.07888499048276831,1.0
1.135327965577822,1.4522597085728008,1.0
1.68331879801241,2.1563513213886245,0.0
-0.3801680000517729,0.48294248125211364,0.0
1.164820453558797,1.9747920658310465,0.0
-1.1843933882109283,0.2796046014627875,1.0
1.536162885084135,1.9603410042041725,0.0
-0.6243619785149097,-0.3240627499372357,1.0
-0.3222162787587559,0.050739864927140416,0.0
0.39310088731078446,0.5838195945297644,0.0
2.3768788935979153,0.8605340971796932,0.0
-2.3744098660235347,-1.8579805927506743,1.0
0.200209643633821,-2.237902422612609,0.0
-1.6641024661684134,-1.0011894274688733,1.0
1.2072730125408775,-0.7616874766229855,1.0
0.4484588851755593,-0.16424401852523499,1.0
-0.04751637427776678,1.8737951976222162,0.0
-0.8064180086699233,-1.6247624835898988,0.0
-1.2307680396257934,-0.847620254517608,1.0
0.18673379085380176,0.5264284563365104,0.0
-0.874229251802785,-0.5340996311327642,0.0
0.5562465833628231,-0.6214830569002505,1.0
-0.6207737501363573,-1.1193832775958634,0.0
-0.24941111077870612,0.29572493785448406,0.0
1.5471523634787272,0.7133876365908502,1.0
-0.7116815841443968,-1.3600420375212774,1.0
-0.2567506803923371,-1.190688074527741,0.0
2.008050546761664,1.099529619998053,1.0
0.5744613459510306,0.10144820082129219,0.0
-2.607914630462741,-1.5057864370363385,1.0
-0.06011221516457571,0.4325426421479682,0.0
1.2281182916883076,0.396631414096554,0.0
-0.45668987876301864,0.048819317204095075,0.0
0.9080420514996148,0.44992272699139413,1.0
-0.8042379133592059,0.021825106221766755,0.0
0.44961002105396125,-0.42600516547461725,0.0
1.005531159287672,1.2263637681710475,1.0
-0.553413340057536,0.8000418691197391,0.0
-0.9451216116922132,0.11244161261164959,1.0
0.5130808675628734,0.6268924384873757,0.0
0.18386352587849553,2.0884901609670887,0.0
1.1985597287573344,0.18696745555867889,0.0
-0.24324313403739195,-0.5048642510923729,0.0
0.06157182847987669,0.6117366797810397,0.0
1.6133048719168772,-0.6427484498577121,0.0
-0.24466147331589053,-0.6125846959418739,0.0
0.021011267690908178,-0.03472716187477712,1.0
1.220981434027923,1.5146906745347894,0.0
0.063238702322234,0.2824351847804907,1.0
1.7477608191871856,2.312499053195357,0.0
1.9731132643465963,1.8606306113004434,0.0
0.013759502743027174,-0.34937851894859506,0.0
-0.020585569590980124,-1.0133369660977212,1.0
-0.43412675129225997,-0.7219087192710626,0.0
-0.7022307117529364,-0.17827124885992507,0.0
1.7035698682199822,1.5978271259054186,0.0
-1.2201172833446896,-1.082933028494196,1.0
-0.37396903669913295,-1.7760150036629325,0.0
-0.4093082557797472,-0.44402157143113474,0.0
0.2856643291913322,1.333982799203568,1.0
-1.7173610388618952,-1.6666062472342058,1.0
-0.525721437041079,0.9276052522263035,0.0
-1.4046728396727195,-2.6525811475925227,1.0
-0.6928218029081548,-0.5585448852950463,1.0
-1.2747692836951605,-0.24898817590896982,1.0
-0.6185066287826393,0.3661288766033409,1.0
-1.0155643042631186,0.6716893262111633,0.0
-2.035617676642783,-0.12083658389629826,1.0
2.3240536847994306,-0.5473799288390434,0.0
-0.2696828098297578,-0.0442709190823512,0.0
-0.3184074530424483,-0.7689808667103188,0.0
-1.2110721325767395,-0.13985847947863772,0.0
-0.37344023763415235,-1.3536226301439966,0.0
0.06918057484711894,0.12298648162929199,0.0
2.1441308315866143,-0.12255420061662026,1.0
-1.077990392276428,-0.35386991861480593,1.0
0.8478282087643236,-0.02984746479643058,1.0
1.3925073345363421,0.6569020505221729,0.0
0.017163735658019652,0.4706892311946048,1.0
-0.19552755101016228,-1.5017945661224887,0.0
-0.1298892553871065,1.8766719188548548,0.0
-0.43499885572013164,-0.7489586582108635,0.0
0.49612994206072897,1.339203898250497,0.0
0.8377327032173116,0.7762178448889415,0.0
0.5108491444491473,0.14110202041669412,0.0
-0.7321163360303131,-1.4872732726910458,1.0
1.4772842417655325,0.18701032938055007,0.0
-0.16150249514178117,-2.220702344101227,0.0
1.0158250794769899,0.6793820402915737,0.0
0.23086755850190022,0.23815090882385867,1.0
-0.08638172649506343,-0.34271600242309663,0.0
-0.5782318316261373,-0.8650231725778348,1.0
0.33452044749765697,0.2152515537372689,0.0
-1.070423545190004,0.048068615531345116,1.0
-0.9644370108206602,-0.8074881233162616,1.0
0.18759028824463764,0.8808199787193711,1.0
0.08903041562661551,1.5945571276504213,0.0
-1.1650272764204834,-0.05912579036130483,0.0
-0.11593748865498021,2.8328446985492493,0.0
1.8896540535870563,1.7994824839231798,0.0
1.3221563943925094,-1.1128173558442611,0.0
-0.5396823382227267,-1.12581643881665,0.0
-0.6988403458209898,0.04135824970906038,0.0
1.0871881272385977,1.49953407383854,0.0
-2.0432678048137953,-3.02667302534369,1.0
-0.7883191242607444,0.035953236465035565,0.0
-1.301208915932604,-0.2874822597508614,1.0
-0.9461541891139851,0.5434504420045215,0.0
0.8487491113553176,-0.15587700539156102,0.0
0.3757902985821525,0.6510708999731807,1.0
0.5529676582462328,0.6805914122612754,0.0
0.822416358860964,1.6935639345499034,0.0
-1.1018441175548501,-0.9291465684071253,1.0
0.9476552898208617,0.6546205153603307,1.0
1.6507861555649352,0.33604327053786653,0.0
0.4630955958973403,-0.6118894965576942,1.0
0.5975122810201511,0.01826538861318755,0.0
-0.04195293364878,0.81892966144989,0.0
-0.4967544831188481,-1.0167825397864372,1.0
0.9548257066712571,0.907573877884074,0.0
-1.1921147689241876,-0.7370446404825076,0.0
-0.47460727487877796,-0.1273457609357641,0.0
0.10459822868973925,-0.08343932186069156,1.0
1.1625040578721693,0.693717855914798,1.0
2.788360823026186,2.0908280437696454,0.0
0.027285483593425863,0.8637714965868613,0.0
0.5324539442037522,-0.6675997531959803,0.0
-0.7290219332035681,-1.0940459040930528,0.0
0.2556066042042632,0.25775468502563087,0.0
0.47232212360670384,-1.2804673838573484,1.0
-0.343453090729565,1.1968519525585422,0.0
0.2693966311718594,-1.1324761400416727,0.0
0.22733148692714167,0.02518071787091493,0.0
-0.08328683382209226,0.4704306068522116,0.0
0.3250815752556865,-0.04120971962444872,0.0
-0.5613027455793914,0.6184206830887782,0.0
1.089721304060641,0.8522734999215776,1.0
-0.21081434738439575,-0.12211873802034884,0.0
-0.8787161544427752,-0.8096151299274097,1.0
1.201077300651777,2.0904855091986008,0.0
-0.03325726828807149,0.4140418517623037,0.0
-0.9070961552591327,-1.4923591222093004,1.0
0.9662227966450592,3.342631465927562,0.0
0.2612581879291834,-0.907506523300881,0.0
1.0731785089093466,1.442326037385502,0.0
-0.12021332455707717,-0.759273068077067,1.0
2.1212373416117236,-0.6629698196237702,0.0
0.9887102373040959,1.8863053854657355,0.0
0.923480701399015,1.5002917167075118,0.0
0.5857676287932662,-0.14610900569421684,0.0
-1.403742782123281,-0.42272199457548154,0.0
-0.8694654713501389,-1.1195664121685662,0.0
-0.40678016579178333,0.08200628023584067,0.0
-0.1174616362753157,0.9176729295514319,0.0
0.48296372417332967,-0.7681099087953116,1.0
0.19387426964836108,0.674750995258837,1.0
0.4824891663847328,0.8409257872237657,1.0
0.93928878386587,-0.12315572788341816,0.0
0.2820292971979556,0.956317462043192,0.0
-0.9914287629460863,-1.6712952499883504,0.0
0.5879900573295884,1.4725968526745579,1.0
0.511535864098443,-0.3075929642768108,0.0
-0.6683196611445474,-2.5810835947163113,0.0
1.1836130652830394,0.5554589703993041,0.0
-0.4246227875104476,-1.377655528643935,0.0
-0.5059209062047859,-0.3956230115563298,0.0
0.25844294756816577,0.12119730626914917,0.0
-1.2624992383263658,-0.3739958907683504,1.0
-1.8347208887781359,-1.1957092550214907,1.0
-1.103051884136141,-0.014448372683642408,1.0
1.2276287459875284,0.4665621336463665,1.0
0.4848138012129186,0.19430172302607399,1.0
-0.7389088114386975,-0.4289119509328343,0.0
1.1152391033413183,0.30852771886951524,1.0
-0.8499753379835091,-2.5283181185205725,1.0
-0.8375888573084689,0.15708317397334715,1.0
-0.6086975662384176,0.9757042100663844,1.0
-0.06875204234607171,-0.4663667512931423,0.0
0.4209245904996822,1.31895189212536,0.0
0.013896511107008236,0.6791195678181028,1.0
0.4302333537148322,-0.42329621334701273,1.0
-0.8383072364325385,0.15096777999389827,0.0
0.4771609637910076,0.9764516948315929,1.0
1.757913551554314,-0.8375545130119745,0.0
-0.853862697599898,-0.6273148243687195,0.0
0.3888570696276611,-1.1560047341611568,0.0
-0.859307250710255,-0.5475924752430813,0.0
0.8656615512867699,0.5411313270000083,1.0
-0.4210203728850258,-0.20019443062768139,0.0
1.2612932232865575,-1.5693451630798279,0.0
1.9311058633230023,2.1675863812103007,0.0
1.22826847774378,0.18007871015176535,1.0
-0.07921982498023761,-0.43334367138612073,0.0
0.30361949383128223,-0.45375295519494424,0.0
0.9136320662359096,1.9054568925091724,0.0
1.3681252878493995,-0.07857536583807978,0.0
0.1771893789096981,0.6840547243072491,1.0
1.8017679404325186,-0.08912702178695653,0.0
-1.7749200645015848,0.16744080499023473,1.0
0.6497710068653384,1.5947489323385429,0.0
2.0301477362331015,-0.2900543004042766,1.0
1.6041300322089869,2.0822485046223327,0.0
0.055706518952497786,-1.4796622920637057,0.0
1.526527756201462,2.07859613799723,0.0
-0.32453556906688874,-1.4303480986957304,1.0
-1.4445170870494977,-2.0644362151141116,1.0
-0.7570438280238985,0.3402727980464081,1.0
0.7767585137865137,-0.6405306151712875,1.0
-2.178807473014154,-0.8181260621910063,1.0
-0.42523791719063686,0.4203089482685143,0.0
-1.3076975052723552,-0.08660085569549658,0.0
-0.44403479739293344,0.4624862063260941,1.0
1.7497504038902096,-0.5158789915209248,0.0
-1.2739707332452213,-0.5374738628624884,1.0
-0.9236118586254662,-0.828107122900846,0.0
-1.0005209704308684,0.33460446331986843,0.0
0.14915406964864975,1.310029455276043,0.0
1.8298172745203547,0.6995901005658128,0.0
0.9304324026574163,0.7276901373886546,0.0
-0.02695209142554217,0.1235747399295136,0.0
-0.05528872257071432,0.48506480377918215,0.0
0.761802103871029,0.02789116724982199,0.0
0.49036882539104654,1.7739904229345669,0.0
0.9815255233121629,0.4343650623215739,1.0
-1.0705154525168827,-1.6689381010435973,1.0
-1.0447940971776153,-2.3479774361986783,1.0
0.21683201086835535,0.8985914420801695,1.0
0.38675940098364525,-0.2392203185332919,0.0
0.8566301364455713,-0.3514547022315509,0.0
0.19183968306128685,-1.4199158507955991,0.0
1.6346148877468474,0.7158014146715392,1.0
0.08101657832712017,-0.9920813000139488,0.0
-0.26465512081424136,-0.42922684042985526,0.0
0.7198184676095958,1.548225646440083,0.0
0.8679833155604417,1.1900552197958028,1.0
-0.26543370195811633,1.878755201128247,0.0
-1.8007275764226556,-1.3838172896561096,1.0
-1.0779059829719655,-3.1182593311977396,0.0
-0.15948020302029006,-0.5998678029045551,0.0
-0.6116476732877878,1.1469079926058907,0.0
0.552930003768091,0.4457697161425378,0.0
2.703712632065793,1.1198365007201891,1.0
-0.2858557766363352,-0.48951085274271516,0.0
0.24648654005861853,-1.017135517352016,0.0
-0.5354805107589751,-0.09849034565108397,1.0
-0.14217808771147544,0.3087143431984833,0.0
-1.046211485108968,0.49985719627890557,1.0
2.0557404578909884,0.829043319507578,1.0
0.660843669158816,1.8371710221395898,0.0
-1.6033266307222291,-0.06972559270721668,1.0
-0.9704924271048239,-1.597076440358708,0.0
1.4441001013277732,-0.46925121897855854,0.0
-0.9854242556275494,-0.7722627178146906,1.0
-0.6695930629977858,-0.3589691570840824,0.0
0.6314377687662306,-0.32732910782269886,0.0
0.9205984838865451,0.24503725159180723,0.0
-0.6536403320292004,-0.5821595184583449,0.0
0.5625175264953739,-0.15039554786382356,0.0
-0.6624541405505446,-1.290332712688783,0.0
0.3202736056286213,-0.17677101555481473,1.0
-0.9422178286199387,-0.07831662545277518,0.0
-0.19911519222054602,0.6496476025051826,0.0
-0.4992199502368005,1.3224893291903048,0.0
1.0356449187947638,1.5666890303104393,0.0
-0.1700532867828598,-0.3579768889407709,0.0
0.9154556139005641,0.3549405090074049,1.0
0.09590861929138816,0.41188048748646433,1.0
-1.4741036389150084,-0.38549999530719115,1.0
1.3594102820966996,1.0488718857629042,0.0
0.09721291380729552,-0.9098508597526667,1.0
0.15826090012105956,-0.5815131158780941,1.0
-0.8537348712797814,-1.5598751331215124,0.0
-0.34006731840328475,-0.5653921920796836,0.0
0.756635077540529,1.1501355920964116,1.0
0.10225370305001363,-0.01250451736311576,0.0
1.4289193435988072,0.38331395429370196,1.0
-1.4528896457372218,-1.093286029288408,1.0
2.477001159876708,2.1985622771447386,0.0
0.2302410438246767,0.8279509749931575,1.0
-2.3489594300550825,-2.021693830324248,1.0
0.27662158954154037,-0.3819639742077689,1.0
-0.3245380345432545,-0.9599475970501233,0.0
-1.6974423798166212,-0.5138884247598904,1.0
1.1699159046896292,0.6253770183082836,1.0
-2.302217102612665,-1.1528123021428938,1.0
0.6670568715746239,0.832128332985687,1.0
0.33127542534102294,0.9695935779915656,1.0
-0.5767455522106879,0.3383934234710714,1.0
-2.1792852392695794,0.4975942030623066,1.0
-0.9937434050420348,0.21750759563748095,0.0
1.379261225394173,0.33838682314908586,1.0
2.3413070037169685,0.4958198327610035,1.0
-0.9396924773588358,-1.7554582295303711,1.0
-0.9477124683942291,-1.1753803249046886,0.0
0.44610904606722473,-1.3395622768536293,0.0
-0.6999219271999559,0.46555483899851546,0.0
-1.9342889926414706,-1.1024296740614719,0.0
-0.701896372688372,-0.0690482383250412,0.0
-0.7903385419601848,-0.5459214626235539,0.0
-0.030044769850324365,-0.1911402157235602,0.0
-0.6821744566125382,-0.6017041037444547,1.0
0.8039333817908244,-0.3576183868085477,0.0
-0.2074272122459537,-0.7060478106646916,0.0
0.02545470914875092,0.33086137029296536,1.0
-0.09731201051980148,0.850516683429869,0.0
0.041823748100637936,-0.4116268898585169,0.0
0.21945735972880334,0.714146966029686,0.0
-1.372927219070743,-1.3246899940929884,1.0
1.3917399016425762,0.9960580528834704,1.0
-1.7119388418476231,-0.8200613205914324,1.0
-0.7302122367481368,0.6933349350463194,0.0
0.8443332810815256,0.3496179504659994,0.0
0.050125679284963254,0.32203030338187766,1.0
-0.49252767209291787,-0.19803290665166626,0.0
0.051456422510198496,0.7606255150499766,1.0
2.0981688604181716,0.48387564181487985,0.0
0.6671664175169134,-0.0001895724371689389,0.0
1.1114903428893115,0.8340407511360385,1.0
0.2675077969818288,-1.788178779262723,1.0
-0.8439123546315329,-0.7497715401957674,1.0
-0.4841708787014629,0.12805820710329902,1.0
-0.6902459646390666,0.5379539614775892,0.0
-1.1438674432658607,-1.1923631967077448,1.0
2.7575340621805626,2.3466993668139136,0.0
-0.44916915220205395,0.1514326965918669,0.0
0.27976678005216604,0.8555223886986121,0.0
1.8408293666816191,-0.25666562181826236,0.0
0.8599341477913027,-0.9064282174139948,0.0
-0.3588929682916825,-0.9611195389179259,0.0
0.12404730459367053,-0.7945153517942756,1.0
-0.40727664199429864,-0.5199370811702501,1.0
1.1885569381573395,1.2858655236613623,1.0
0.7900817955682876,0.5838443854062993,1.0
-1.7525767135087602,1.731758864368697,1.0
1.6005050284752227,0.40527440640053536,1.0
1.0437410911186877,0.2186653499173956,0.0
1.3307456081278837,1.20085516338892,1.0
1.38736154317057,1.0216329516425855,1.0
1.121816451000192,1.2994830235740573,1.0
-0.8635030443142978,-0.05956734310797279,1.0
-1.4779925192966958,-2.5310377334799363,1.0
-1.6497274716124584,-0.2892987704077584,0.0
-0.6749691776779584,0.755975205954897,0.0
-1.7498041701489617,-2.704194707651547,1.0
1.789860878031775,0.8575454712396573,1.0
-0.7363567265749885,-1.503589151266923,0.0
0.10278575669659044,0.021180400297377056,0.0
0.5508063781328971,1.0960449542265622,0.0
0.008360050623528958,0.6588205881479793,0.0
0.16035376534608384,-0.06520425890773375,1.0
-0.06688870901426003,0.6637028640021323,0.0
-0.7386810699126977,-0.08787479347246874,1.0
-1.3383802626244898,-0.6422789718198438,1.0
-0.9989154768800047,-1.1869533807643702,0.0
-0.6304754676810799,0.22910785731022731,1.0
-0.5385472412078678,-1.449777104497136,0.0
-0.5299211302085227,-0.8031543735929921,0.0
-0.6413194320698612,-1.787704497430894,0.0
-1.4485118794984293,-1.5083309980063864,1.0
1.2192269235458066,1.3943520161600689,1.0
-0.6588290915860275,-0.9310036410216208,0.0
0.24757908551523777,-0.34378309739915086,0.0
-0.12379824296438434,0.12013963081545549,0.0
0.03705129455748296,0.9888338302973005,1.0
0.392482505147268,0.27309675197612066,1.0
0.6204521207309326,0.9281633182299128,0.0
0.24873162120488715,-0.014512722678792306,0.0
0.6172005310955329,0.8385736074350034,1.0
-0.116326203046349,-1.4517720603939372,0.0
-0.6833460690112866,0.3471251502849113,0.0
0.2200047839405306,-0.48788094768508417,1.0
-1.2224016106819626,-1.0437658020816165,1.0
2.2291336453725057,2.602845465801328,0.0
-0.43931130632721627,0.5568119479848249,0.0
0.7204764688998844,0.6280359141892928,1.0
-0.11591491962402528,-1.0519741733736465,0.0
-2.2486603122813045,-0.7755445210627878,1.0
-0.37204516951600647,-0.35402543857021596,0.0
0.9298832227957003,1.5837629743479873,0.0
0.07468963955684504,-0.5622558848374608,0.0
0.938800546844191,0.7892135615273006,1.0
-1.5089955644649726,-0.3338159282261671,1.0
-1.2872079302253776,0.8095140849879853,1.0
-0.40164918528346716,-2.4341098204821012,0.0
-0.3355192965395732,1.165379471089673,0.0
0.8166693134436489,-0.22757859977339112,0.0
0.15165385682369947,-1.1254352954247089,1.0
-0.35368497711586183,0.8104795814156615,0.0
-0.39087575505767813,-0.6189554014235616,0.0
-2.329936626036763,-3.9911228349885093,1.0
0.7959842959961392,1.3484568032608348,0.0
1.3387577481627662,1.8489735567518417,0.0
0.3493170337816023,-0.12869709551004654,1.0
0.264085481139295,0.290436312691978,1.0
-0.19586086879232378,0.4183732234303765,0.0
-1.77399496035674,-0.17248767368682205,1.0
0.7311187464420881,-1.8010148263953056,0.0
0.029941855104078458,-0.1394605838437366,1.0
1.0444796835392625,0.41758992086341473,1.0
1.0484351436939565,1.7523598258925883,0.0
-0.022863523038861237,0.14592113324103345,0.0
0.8730507482089966,1.949170447863974,0.0
1.168538279297568,0.9145536960559058,1.0
-0.3834079155197423,-2.2836427492591245,0.0
0.2568034153719499,-0.136120904481923,0.0
0.18929237108265673,1.525626850200553,1.0
-1.6936912757427074,-0.04061299391783091,0.0
1.187740721109717,-0.2330407880220609,0.0
1.1290630755451971,0.8057563076471717,0.0
0.6591235192530277,1.422974991107684,1.0
0.04690907232360331,-1.047348756985861,0.0
-0.2877136762357982,0.7930358804204549,0.0
1.79670598920987,2.0086411154301733,0.0
1.6395132334322955,2.041859742269449,0.0
0.21280859609260022,0.9706842461095733,0.0
-0.5642710476002777,0.006614500744751006,0.0
-0.8859722652469766,-0.799660584416313,0.0
-1.486714686774059,0.3359383983297286,1.0
0.595541167490622,0.6044434024818481,0.0
0.34977910604726814,0.6362504789901386,1.0
-0.8960535588858684,-0.8879203304194607,0.0
-1.3396298574620582,-0.7376131042069537,1.0
-0.8178346995752677,-0.5383961464284602,1.0
-0.10045762545469229,0.29017846187915164,0.0
0.6496191100211104,0.05400338822197376,0.0
1.0161882677832847,0.1485758389080299,0.0
-0.12917945174886114,-1.2705549631190862,0.0
-1.8177368962488196,-0.8324911791274683,0.0
-0.6819677855626713,1.120435037885344,0.0
1.7730452704767625,2.5061239422440487,0.0
2.20797936496426,2.929558483859613,0.0
0.45102339516105816,-2.0040640900005107,0.0
0.14395756860864728,-1.0500279818311737,0.0
-1.0079404150254478,-1.707114302147993,0.0
0.9146727190346173,-0.40659851218442455,0.0
1.212633504552357,1.1939235274482785,1.0
0.33051949157321875,-0.2698994002984102,0.0
-0.7382952346735085,-1.0741309441934044,0.0
-1.1601550831505563,-2.6163978528905205,0.0
-1.2453670799108192,-0.1006488934876506,1.0
1.03518131073632,1.4864388818820948,1.0
0.33492839576023226,-0.4798696222108125,0.0
0.30042381848538735,0.30649693804484973,0.0
0.12010370214178723,-0.87933615152193,0.0
-1.0320995351187179,-2.152675438741113,1.0
0.5081394560867367,-0.5671536597239589,1.0
2.2488504591169964,1.6271878638872632,0.0
1.4693837283170585,-1.707872973937562,0.0
0.06299866901857566,0.076617865824814,1.0
0.03012425711317901,-1.4133471202241827,0.0
-0.2629364103315193,1.0304621989736307,0.0
2.8099400594393185,2.081175496385465,0.0
1.088465693763544,1.2544522317418423,0.0
0.14630385172416693,-1.2487309839193483,1.0
0.8744324333330419,-0.308246929309713,0.0
0.03306602872306241,-0.5780991792176257,1.0
0.19670942668115288,1.5488755043517546,0.0
-1.56814874541349,-0.26569073185902536,0.0
-1.3737022846716989,0.8055849304442593,1.0
1.416365626850931,-1.06874955287383,0.0
0.7903272893997317,-2.150294491033936,0.0
0.13113010613566695,-0.1645625430515065,0.0
1.3055421356036623,2.0180423385537853,0.0
-0.8830501940108211,-0.1122044278805176,0.0
0.8536296815640227,0.6127866262993737,1.0
0.013071855948451172,0.9900965876108261,0.0
0.6804659509993223,0.3496853440048058,1.0
0.02706219713621663,-0.34337656472077416,0.0
-1.266982975018725,-0.6428542714086872,0.0
-0.7785159180882787,-0.5327309325470657,1.0
-2.2125270585612022,-2.0998330590677368,1.0
-0.18500243922889548,0.31830810570683093,0.0
0.6123400335645153,-0.3583351609350056,0.0
-0.1766670043886927,-0.2267038991881096,0.0
0.07714106954537628,0.45853213612393007,1.0
0.49956210690021413,-0.22026041329684878,0.0
-0.08879135151461455,-0.2116290700488936,0.0
-2.1388366477226137,-0.08522540704160675,1.0
-1.5633474797988967,0.17806719008068594,1.0
-1.2748326739439395,-0.7140223864213379,0.0
-1.6793998894522315,-0.11543208227519552,1.0
-0.372196174446502,0.6487188635367862,0.0
-0.9963329548729869,1.3699485289276065,1.0
0.32419232796705877,0.07435652911432135,0.0
-2.293209916373713,-1.6937020838306052,1.0
0.27364783974549833,0.6021066471199599,0.0
0.040414086881393016,0.23990515451516659,1.0
-0.15208619960451955,-0.10827950842698522,0.0
1.2711618546592014,0.6629273117497989,1.0
1.2552035264322232,2.3736821192167583,0.0
0.9829644803358143,0.9541240939916016,0.0
-0.7743390028486326,-0.29653593744998336,0.0
-0.1730133045771246,0.4197775106087663,0.0
-0.4386424677720778,-0.3783160673579073,0.0
-0.06116776375449474,0.0036148378284596057,0.0
0.6177591525451593,1.27631247525325,1.0
-0.032266101411597026,0.029897622086089617,0.0
0.2595441668613721,-0.9565670640311179,0.0
0.6198143859915746,0.06058798269900678,1.0
0.8876561880216843,0.7316297017899167,1.0
-0.011874565893207512,0.2003068820560195,0.0
1.9861121114465994,0.5070576652271588,1.0
0.33865999575416417,-0.6690520718107826,1.0
-0.2963868807089682,1.2154684335617547,0.0
-1.0341449176461484,1.3081361146126471,0.0
-1.109549756738606,-0.8559357814000067,0.0
0.5643094809564796,-0.04512610588822635,0.0
0.06896519900294101,0.7360664724597592,1.0
-1.2229269854113054,-0.2538628861076178,0.0
0.2580773029916519,0.7350027902290582,1.0
1.4977809897649197,0.9217384665895788,1.0
-0.6356239851919738,-1.090161750857952,0.0
1.2548605002877333,0.2460140332085844,1.0
1.596609001840276,0.7656641580885687,1.0
0.9363317491661269,0.04364757788599749,1.0
2.05719819553737,1.1155558529957315,1.0
-1.0998369621512325,-1.6490592457306867,0.0
-0.49372171880367993,-0.4550436620030297,1.0
-0.10260853546980217,0.38157985313736387,0.0
0.23648271262490633,-0.5200285258405019,0.0
-0.3587033161064962,-0.03071383231933325,0.0
-0.42183049335374234,1.0544031407329535,0.0
-0.4329370101879319,-1.1336742732607925,0.0
1.0442852733097778,0.5603216021622812,0.0
-2.59856110222754,-3.193534359449851,1.0
-1.1245071739191732,-0.083880498578351,0.0
-1.3757977429661437,-0.6213424130320051,1.0
-1.329330364572286,-1.2084973783452946,1.0
-1.2840755415131504,-0.6930218761442615,0.0
0.4311061155679721,1.0251482772765166,0.0
-0.30024801422251335,-1.6781061553210521,0.0
-1.0554780993081319,-0.010267028477120466,1.0
1.072115271902682,0.3330836646309375,0.0
-0.9192917084058599,0.5267150560372054,0.0
0.5736297137980066,0.15153590379972148,1.0
1.1967712565334392,1.0063281158300277,1.0
-0.8463202368383899,-0.17883082858720573,0.0
-2.389568560371958,0.10386286232268471,1.0
1.048663183044004,0.8951309785507741,1.0
0.07314099418394637,1.8668576987664156,0.0
0.5659155574052518,-1.0338398175590282,0.0
-0.5695786321064007,-0.8032342875577073,0.0
-0.8607833973450483,-1.5993126145722205,1.0
-0.135102165579696,-1.2848009928959887,0.0
0.9863956814831434,0.5424213844464814,1.0
1.0173146307638015,1.3883245023728128,1.0
0.178413494103727,0.06425189102128182,0.0
-0.6841547322909659,-0.23328522435433852,1.0
-1.3915936147970818,-0.8333925188948821,1.0
-1.5234034067825404,-1.634541409548636,1.0
-1.1392442271564744,0.5077551238232239,1.0
0.33702060620128865,-0.1929038598407542,0.0
-1.8706388723271306,-1.0260077759125381,0.0
-1.0931257140013961,-1.5108139538503509,1.0
-0.6298156440221981,1.104407321493019,1.0
0.32441483653896197,0.5101707951433687,0.0
1.0314538691575539,0.22775688911697056,0.0
-0.43534650533602104,-1.8696168122452494,0.0
-0.4316509073542911,0.18705863707725795,0.0
0.21514302628140622,0.3461745954634682,0.0
0.3922589687856494,0.40058568596953825,1.0
-0.14309640977212823,1.1772830947645212,0.0
-0.28633281799322213,1.066954895556035,0.0
-1.9613158373825852,-2.1268348193216218,1.0
-0.06894279780572943,0.8493817992378667,0.0
-0.5099745367350679,-0.25934372134060085,0.0
1.8722499485719521,1.3352065137754896,0.0
-2.033953805940343,-0.5569393867137631,1.0
0.5040471389935821,1.3934015603568504,1.0
2.1270800663912692,2.635933983808237,0.0
-1.2602765448042414,-1.6678874975089764,1.0
1.6600703220467443,0.16899187530949655,1.0
0.7277807574704306,0.6326165535215559,0.0
-0.2732159525068069,-0.9097429573894195,0.0
-0.9030788468690766,-0.6377005870899364,0.0
-0.4241132313465122,0.9257668046587311,0.0
0.36502708256404914,-0.26770722765719884,0.0
-0.06050853912071397,1.7359026374804591,0.0
-0.4342695331985201,-0.8420394693919955,0.0
-0.801025273524204,-0.674951928032806,0.0
-0.2534693414202638,1.736971449313899,0.0
0.6841600736705049,-0.1892153241152458,0.0
1.8527229097191291,1.8092851619330066,0.0
0.6379876539746582,2.492190598801197,0.0
-0.7369359453713874,-0.3698445058462666,0.0
-0.4542295923092984,-0.8707848675370077,1.0
0.5722831278863262,0.17950067498337538,1.0
0.32359328005708643,0.5948856153647388,0.0
-0.4797387726567135,0.826929081538685,1.0
0.07424598835043206,-1.4543300713874325,0.0
0.18195907638659325,-0.884824078883566,1.0
-0.048632612980667456,0.5383882224647519,0.0
-0.6936873923746072,-2.172217408037934,0.0
0.30421092044700054,0.562172912503582,1.0
0.7703363668913792,1.2729482802595862,1.0
0.9497776448389534,1.230539421631427,1.0
0.03678001843628398,1.3305286633545386,0.0
0.5876969569985668,-1.1398307317120735,1.0
1.8699481781169065,2.3583236785430968,0.0
0.2139584035514622,0.5448422009142366,0.0
-1.0510948321652194,-0.19792738990896963,0.0
0.30711402321212283,0.44169724012858813,1.0
1.1430222463569792,-1.005603240324807,0.0
-0.21481443774701336,0.4207403307039931,0.0
-0.1644792300314994,0.537255291301514,0.0
0.30747519393094724,0.5500192096633444,1.0
-1.0318117037815921,-1.0168113696840044,1.0
-0.7537945402572785,-0.807879771754192,0.0
-0.9817092877660235,0.17956999775343735,0.0
1.0351132267448155,-0.49749184596752727,0.0
-0.5010680645940584,-0.2588333372653889,0.0
1.4929075536274605,-0.17877845196597952,0.0
-0.6584461678587336,-0.9027143208250726,0.0
0.9371713821445709,0.470002395634708,0.0
0.07929072164461548,-1.7777953802952102,0.0
0.5142804946170654,0.9709141107322874,1.0
0.7662636130359131,0.8054142035252442,1.0
1.470042410502312,0.9622397167975951,1.0
-2.0731490304337887,-1.7645832433193136,1.0
-1.873274483328643,-0.2861768367925297,1.0
1.7590121483528494,3.217355129104783,0.0
0.2589095512278273,-0.36067023746261095,1.0
0.011077091909821923,0.26389209074272085,0.0
0.1144323393777249,1.8066627632815928,1.0
-1.3802393459077047,-2.0010495051951587,1.0
-1.041137187473097,0.4720625400380596,1.0
0.444294035433644,-0.5116032336213309,1.0
-0.9171123987875957,-1.0558151321244462,0.0
-0.00697213484461523,0.34619389768489645,0.0
-1.1631649872253846,-1.8165996951590302,0.0
-0.8870844858812419,-1.4476653768816312,1.0
0.07644025614467514,0.08988468836538845,0.0
-0.6603426936271127,-0.4895787387378985,0.0
-1.628533035320955,-0.800179983817259,1.0
0.41552001155568297,0.24712688145893064,0.0
0.9380760620540709,-0.21462990696875667,0.0
0.6103338677888279,0.7832015565320835,1.0
1.0443450430247174,-1.8296529426490193,0.0
-0.32097294654325714,-1.261567817179889,0.0
-0.18315001381805773,-0.7267104097538087,0.0
-0.9940803130995766,-0.1408893239611646,0.0
-0.043291594801559447,0.523210020029275,0.0
0.7999676156486017,1.5623818895620003,0.0
0.12023601000619207,-0.08594819929279825,1.0
0.821446069024913,0.720328536902575,1.0
-0.7880785343285421,0.8873731368266755,0.0
0.48151402735544196,-0.8567979622984123,1.0
-0.5035754000810196,-0.21190799376258407,0.0
2.2366967157899507,1.5535386996520304,0.0
1.4899947744399569,0.5288459608163649,0.0
-1.3696290839675005,0.15897625268687998,0.0
0.10043798517530628,-0.9504651795975539,1.0
0.39028696145513664,-0.3184646985561777,1.0
1.2935630920819277,-0.08258673804444838,1.0
0.5430782039728665,0.08187174383559806,1.0
-0.403042607698597,0.35353063267179397,0.0
0.551363183479354,1.7421126429584324,1.0
1.2241953844116433,1.3971947430972917,1.0
0.09482450437233214,0.7829509759038698,1.0
1.3982302197514138,0.539856296228089,1.0
0.8375858911727901,-0.3692822830745344,0.0
-1.9679455461822628,-1.3323676723576467,1.0
-0.5896545890908007,1.0398042630250162,0.0
-0.22611505832161943,0.2935392276471457,0.0
-0.18362984411837008,-0.3597598111942725,0.0
-1.3758626755390406,-1.1087247151270194,0.0
-1.6597300041301093,-2.1733206671238654,1.0
-1.4715619985024186,-1.6631345796790256,1.0
-0.06470413553127341,-0.00950214856101602,0.0
-0.7783116405681358,-0.6492061704594415,0.0
-1.8083865302431268,0.3849145382287522,1.0
-0.16409979118225773,-0.22129788887644636,0.0
0.11024815540337062,-0.09852557186404769,0.0
-1.2840893810847491,0.5701036250537275,0.0
1.3507551798782298,0.6889346606373453,1.0
0.7316062343176474,1.7073465939681827,0.0
-0.8698249302771923,-0.10639546932893595,0.0
0.03491441114223448,0.5951690633660975,1.0
0.5329257717362853,1.3883425906793736,1.0
0.8454043626690527,1.0251730123288563,1.0
0.4345558599109552,0.49314945679022115,1.0
-0.1373356486620006,0.8372197671171173,0.0
1.5029518305005536,1.0693313861001426,0.0
-0.06850427646585755,-1.7141760287961394,0.0
2.369259354360791,0.9759765763726039,1.0
-0.0840358654678261,0.7552220428085842,0.0
-1.3883243121000566,0.22826993025923858,1.0
0.5340192390123641,1.6891272122166203,1.0
-0.9241741494347215,-1.157868217757555,0.0
0.9825176669775938,0.970666292995956,1.0
-0.4698229025851614,-1.341950369521319,0.0
0.03549832384577645,1.1794033000999886,0.0
-0.7173153449454241,-0.23774308604634312,1.0
0.824544660593893,2.0473281015813267,0.0
-0.35700554071021695,1.985831634951453,0.0
0.1572611346808826,0.8906095710673272,0.0
-0.07169710108301316,-0.27712881090496144,0.0
1.0252437967232153,0.3652874265742708,0.0
-0.40756101425716484,0.18874348702161334,0.0
-0.8056233523434122,-0.7815693781342359,0.0
-0.8730087970430553,0.659359526074168,0.0
-0.42381181061914164,-1.9737176538613808,1.0
0.73431650771919,0.4617099372061604,0.0
0.33205904384994217,0.8780106920740658,0.0
1.3646076668096367,-0.05344675086733153,1.0
1.6445076075717648,0.3757895327011618,0.0
0.11317123217596758,-0.990560039298702,1.0
0.489323288306748,0.17379072164526504,0.0
-0.7916670890389247,-0.9121615197307207,1.0
-0.42960789855361486,1.1239254815059998,0.0
0.15887125819777315,-0.2852635265635238,0.0
1.1962186792326177,0.6080023348113385,0.0
-0.7259597475700185,-0.1790272137744291,1.0
-0.10757599548063401,1.377441834297044,0.0
-0.9635721433349828,-1.9786682552244212,1.0
0.4470140315030088,1.0292351156417843,1.0
1.0052974602561304,1.0307128140281716,1.0
0.0006297245538215979,0.5088917894129432,0.0
0.3456382955502719,0.7215889531371574,0.0
0.43915470977835247,1.714813623425409,1.0
0.4266227346337522,0.9585638581977776,0.0
1.4086246953643304,0.715241803619038,1.0
-0.5615734512738151,-1.0417200431719684,1.0
0.24294157629456992,1.563768146998703,1.0
-0.6740604786907098,-0.2622416756576838,1.0
2.25966861328012,1.750320478301115,0.0
-0.6852335847895363,0.007661751084741764,0.0
0.25781849981041915,0.8293056504540317,0.0
-0.19328330587309484,0.19942151392998575,0.0
1.3221413340813306,0.7726645659535428,1.0
0.32291334000130245,-1.542952992170738,1.0
-1.8769238156938304,-0.3904149083899042,1.0
-0.30835564574882673,0.3633811829525171,1.0
-0.9401786530568567,-2.047630273995426,0.0
0.8483330699184122,0.21765017688913074,0.0
-0.8785579691171281,-0.8656191531216243,1.0
-0.8533690025233285,-1.1891478608023862,1.0
1.6449444125668116,-0.09339801237203527,1.0
1.118507373458123,0.6431235273634106,1.0
-1.4523338974031246,-0.25956337408232366,1.0
-1.387777982207664,0.327374844006996,1.0
0.601005645055952,-0.41880467533438404,0.0
0.7075034942584468,-1.306792196822756,0.0
-0.3923943698894454,-1.2391022703349763,0.0
1.2333805746492992,0.8156190893238972,1.0
-0.9052970462254775,-1.282863727449456,1.0
-1.7243350410069906,0.34414583336917415,1.0
-0.7589828514720214,-0.013504052704160108,0.0
-1.1139035987798418,-0.6080262057742833,0.0
-0.5265493514679193,-0.3168712834360374,0.0
1.0368628317069306,0.7267590361757719,1.0
0.27082374724866953,0.7449440686316762,1.0
-0.1329714755704463,-0.7696062652020238,0.0
0.3861683933413794,2.196924797936656,1.0
-0.16185576389973333,1.5441117180372324,0.0
-0.00029806260979720056,-0.20213894843764957,0.0
0.20993821600413953,-0.027460555633339837,0.0
0.07404839404321517,1.1425558114862993,0.0
0.9778297026625751,1.3734803460628637,1.0
2.925224739546772,1.6017931394029867,0.0
0.0015118526425089707,-1.0283827850947103,0.0
-1.383443188861579,-1.6404276480227533,1.0
-0.7307118676950937,-1.1099946549336213,1.0
-0.5540973557589298,-1.2248407432728883,0.0
1.467754979797933,1.6117341822009164,0.0
-0.6865311041305073,1.8980416483120068,0.0
-1.5152664365457325,-0.13783262951182051,1.0
-1.0275443855965745,-1.3376338916372539,0.0
0.49906085671097156,0.12093909028419689,1.0
-0.7067330715703606,-1.6461339927913703,0.0
1.0782088665626393,1.0942940947422224,1.0
-0.38883894536056346,-0.5574902735744532,1.0
-0.1561296544764219,-0.72278972352712,0.0
0.8015750142107289,-1.4398328196613583,0.0
0.4396818845403825,0.07316295717549037,0.0
-0.3511230602626142,-1.2843201581292272,0.0
-0.10382905850692759,-0.46641584673519254,0.0
0.8202522430631836,-0.04872248537615331,0.0
-0.5111948504247736,1.9711643576868565,0.0
0.38224592300211374,0.19858219703419588,1.0
-1.004114262565454,0.7584847420998271,1.0
-0.2726487806341706,-0.5071126894965715,0.0
-0.9684552517487284,-0.035820114411033555,0.0
1.7627016505088455,1.0837495551781569,1.0
-0.7767098924398874,-1.0680904301229446,0.0
-1.3931845988040767,-1.0542104396026575,1.0
0.5558643686016311,0.7502675986751247,1.0
-2.504871369640408,-2.5845700629859,1.0
-1.034286433611088,0.4991054190309156,1.0
0.2744525772178279,-0.7681517763864878,1.0
-1.3125530380986095,-1.4250324272010808,1.0
0.5788379245903621,1.5079034400737548,0.0
-0.3578895418250397,-0.05401008648319139,0.0
2.656894954097794,1.7093087524521842,0.0
-1.4077022679242588,0.8486197225006101,0.0
-0.244327439497125,-0.8937377268877995,0.0
-0.2246144769269196,-0.3374914350982813,0.0
0.23339808073772797,-0.19516382436219518,1.0
-0.7105382965853013,-0.36122324051504573,1.0
1.0440303215823477,1.0958147897334498,1.0
-0.6046614241575311,-1.880598243703522,0.0
0.4793488413223826,0.6056960329026198,0.0
-0.0811365914722231,-0.4461380782999161,0.0
0.27625577830879006,0.3929042842886472,1.0
-0.7211366298446895,-0.07609896043225867,0.0
0.42036249146901483,0.224061730829282,0.0
0.9993166857937528,-0.3642389837367163,0.0
-0.3670257076628348,0.24909002611224992,0.0
0.3056284325699437,-0.3076777638923287,0.0
1.9422309407388567,0.45275526412706013,1.0
1.4830004591955785,2.081619937828183,0.0
-0.13364508962487215,-0.7507179216950985,0.0
1.072192306063671,-0.5358095366671951,0.0
0.8327566089425741,1.1588131510783042,1.0
1.9942571819005623,2.1992572087089415,0.0
0.021556599575049754,-0.16831976618464323,0.0
-0.02273935789967646,0.5528251537726834,0.0
1.0067112623366472,-0.1925512102733533,1.0
0.026057876207314132,-0.16193416949485342,1.0
0.3254454496087776,-0.2512336455941604,0.0
-0.29300791981595103,0.5768110290980211,0.0
-0.9925210913858025,0.3292167841515838,0.0
0.8878384079451019,0.6309575113893506,1.0
-0.24509098226258474,-0.9514115257009952,0.0
-0.7826577140156986,-0.8698821326099289,0.0
-1.6091248905575688,-0.8594963940843927,1.0
0.3818652395814718,0.2705236102722506,0.0
0.3011123255173726,-0.0585602277895093,1.0
0.5300852106568364,0.7887185745120167,1.0
-1.0894466897811645,-0.5938491856691022,0.0
1.4981713397982497,1.5224932129694537,0.0
0.016402903394918393,-0.08608834851462271,1.0
0.006644482252642803,0.7912608040783033,0.0
-0.26644650550059895,-0.1739115523432418,0.0
-0.6550859465983448,0.4791031607865728,0.0
-0.3864683873518694,-0.5675311760141514,0.0
0.725810851463628,0.3976404968023483,0.0
-0.04017196328318218,-1.06910033977746,0.0
1.1931009239223436,1.2795897645291565,1.0
0.33849114916014966,0.36066770891824484,1.0
-0.010916121037140757,0.13159232246145036,0.0
-0.5519368173611894,0.03828834224396327,0.0
-0.7691659923509172,0.5097224759408838,0.0
0.9577479876866626,-0.43909196830646596,0.0
0.7902489291444732,-0.07167241925566237,0.0
-0.08523518149820464,-0.442030861564605,0.0
0.6558729221815263,-0.8822600401975096,0.0
1.855446008393799,1.134150821087216,1.0
0.3769209415937719,0.6141178914783156,0.0
0.9129782037973169,0.986559702081001,1.0
-1.4757836720893973,0.505379084507833,1.0
-0.3354292485408227,-0.7930153014725282,0.0
-0.1669709347628992,1.1386022841786538,0.0
0.14861113984285934,0.21605111531482607,0.0
0.20693967455620124,-0.21559101188043236,1.0
0.26261847829321855,1.2398943893106196,0.0
-0.6507179678935164,-0.8133928689302835,0.0
1.0661626740536558,-0.19162659861466935,0.0
0.773360139513836,0.5948980649743612,1.0
1.6477863999550055,1.4428378621779803,0.0
0.21538061563914224,-2.141576087763876,0.0
-1.4576279236024297,0.3587512695769134,1.0
0.3950579909048278,0.34280525453199606,0.0
-1.8908541445187401,-0.16778357076419892,1.0
-1.3716338623389865,-1.6040764205339058,1.0
0.46430768033463643,-0.10978888428923561,0.0
-1.170349749114367,0.22257576378829075,1.0
-0.2665460517098521,-0.7028223369632167,0.0
-0.7130579309210066,-1.0936050601238358,0.0
1.1338507333240069,0.9878676500126662,1.0
-0.43061379953538387,0.8699213602509708,1.0
0.7419644661883587,1.1072115458777994,1.0
-1.275237907672492,0.6556609988521378,1.0
0.6942869050140201,0.10862006750193504,0.0
-1.0213547267413254,0.36948045206967867,1.0
-0.12831007575195735,-0.9099044652653219,0.0
-2.0982300055708665,-2.084999452349708,1.0
-0.9466173470751555,-0.2032620953625366,0.0
-0.10424516084512474,-0.10763789130234092,0.0
-0.40062088798424594,0.7157682876962581,0.0
0.04793365601655464,1.2703318863213762,1.0
0.7421913401039718,0.43871458977085653,1.0
0.5346626705033962,-0.03505708560086565,1.0
-1.468176908449954,-1.069705493097475,1.0
0.02504897342223794,0.6596749435663789,1.0
0.8740156809049632,-0.19335578643771045,0.0
-0.17766207426192987,-0.3122218235959122,0.0
-0.024527355795867845,-0.3205008942581314,0.0
0.26078790306151456,-1.262796787377046,0.0
0.21125666767239853,0.2841055034893687,1.0
0.6321572248511202,-1.4599592833355342,0.0
0.19032599777931347,-1.7934481240685143,1.0
1.7468753665488645,1.8471272228022362,0.0
0.7361843844711737,0.6486559803225244,1.0
1.3512867037621028,1.045440637614614,1.0
1.1124354490755857,-0.7098752505254293,0.0
-0.21131696379733658,-0.3785366340649637,0.0
0.6497418768428151,0.36669956367173195,0.0
-0.3848283092843461,-0.5814201351656739,0.0
0.8482881661367629,0.47500077538037433,0.0
0.8813071907544522,-0.6065862431688567,0.0
-0.4283120313971035,-0.6771354691000464,0.0
-0.27151007245073455,-0.3359963659607396,0.0
1.4224436622073746,1.8374646668869974,0.0
2.9069581228765875,1.0736782321504945,1.0
-0.9485510380368959,-1.2824081544371149,1.0
0.16973897167858543,-1.606786792684599,0.0
-0.17511117443934454,-0.08992562373491267,0.0
-1.3074722461150121,-1.564568732528086,1.0
0.18258938780472855,-0.23928133934653484,1.0
0.057878946899777906,0.49081048391094034,1.0
-2.1633949891910382,-1.1252868090723585,1.0
-1.6883622676224712,-1.5806911025845376,1.0
-0.2784389426325642,-2.3801652272611955,0.0
-1.2025042635241074,0.4310743421990167,0.0
-0.04693179221655048,0.11883168500927105,0.0
0.961961069141611,-0.2168010505827182,0.0
-0.4136409809607046,0.821850605019845,0.0
-0.7031942650110885,0.43994203641800034,0.0
-0.38102606828299357,0.37190575762876554,0.0
0.26740180442609673,1.365315664392655,1.0
0.27311228264293236,-0.21395925410715833,1.0
0.6191987621055457,0.3506465021020039,1.0
-0.2597729880309422,-0.7607621638095563,0.0
1.6709908780468847,0.8665089815209839,1.0
-0.6478546179616436,-0.8905152355590918,0.0
0.7164950805240468,1.5406021152324902,0.0
0.5666217366891072,1.67613242114708,1.0
0.8109596271213024,0.0943581385180341,0.0
0.37597335890438655,-0.37532216214556224,1.0
0.32041618860152665,-1.8324849161828127,1.0
0.5982519241619403,-0.135455158077172,1.0
-0.7544188120901325,-0.2860923965588543,0.0
-0.5852001546423974,-1.7758278469255317,0.0
-0.18565991012643476,0.5825277587382482,1.0
0.2351338710006814,-0.9290993530281254,0.0
0.5625861137308408,0.7882468917962113,0.0
1.347458600574269,0.33110051194197576,0.0
-0.10851818700649574,-0.615419790033971,0.0
-0.1969242553608237,-0.9977289094360702,0.0
-1.021230229813652,-0.10570672501313755,1.0
-1.6966357832537753,-0.4519795910106945,1.0
0.19981894140714157,0.09224101199784934,1.0
-1.6142016484199049,-0.7720411574544013,1.0
-0.6196574202192959,1.1905021481477727,0.0
-1.0443284673324127,-0.39582817190239666,0.0
0.3186131012615252,0.9880691703137219,0.0
-0.38557451355201044,0.5497673702010131,0.0
2.6058025328354155,1.4123699839006,1.0
-0.060564532250865055,0.9477273432077415,0.0
0.3338379262652837,0.1431518272479641,1.0
-0.9276076367591157,1.4718868604855861,0.0
-0.2919291122467467,0.20460526358256312,0.0
-2.55927075558011,-0.6546837700018481,1.0
0.3714798183222128,0.4970325589301296,1.0
-1.5073867255454427,-0.5108624321864148,1.0
-1.1448510730228194,-1.9953242881763633,1.0
-1.0976571966494586,0.20014161519117896,0.0
0.19940202592257478,-0.4359088791339764,1.0
0.8204463872193674,1.1881270919383264,1.0
-0.4361380340832624,-0.24539770519578183,0.0
-0.789551330683387,0.2715690573930265,1.0
-0.9083830310184233,0.47339158444123997,0.0
-0.9439777476444886,-0.30952594021170143,0.0
-0.6825012154960806,0.4543866047343669,0.0
0.5889887271718448,0.3679311602316542,1.0
-2.07189491200119,-0.9620760182418695,1.0
0.49365391646553625,0.30730342682809103,1.0
-0.7794855366869426,0.6870067276034029,1.0
0.5822166526062901,-0.3732151092680933,1.0
0.246816277205321,-0.17404955794468674,1.0
-0.02064100047019135,-0.41690063108821784,0.0
-1.110644491489853,-1.3141736167692093,0.0
0.08440066249238831,1.229668617122354,0.0
0.8203332284046309,2.00280659109651,0.0
-0.512594947428413,-0.8412679155048716,1.0
-0.09104917701921311,-0.9360981939743553,0.0
0.9303957537338058,2.0162212944020688,0.0
-1.3274793506105902,-0.7525563145530818,1.0
0.6331560114349992,0.9921435813342857,1.0
1.1689298455451251,-1.1255548091078231,0.0
0.5352225141856632,0.9000054723491498,0.0
1.0535153546721276,-0.5204474245067217,0.0
-0.7991387707532775,1.006729582469489,0.0
1.7937070635268242,-0.3610263034975144,1.0
0.26231688709273876,1.1575282376809768,0.0
-1.1828197037002246,-0.0590738151935567,0.0
1.3157931204145608,1.2026180752478368,1.0
0.05542639519068506,-0.08492514596969873,0.0
-0.5889934614828727,-0.28236926642929794,0.0
-0.7163522992219626,-0.22130406480295836,0.0
0.21349060102929435,-0.06488848633771448,0.0
-0.027954726785450967,1.0399866892640022,0.0
-0.394589184106896,0.011521477734991126,0.0
0.15827533969513596,2.314760557577322,0.0
0.2550818078885241,1.0755723324942656,0.0
1.175193922034138,2.1921321236208042,0.0
0.8735362533296201,-0.46731586887518467,0.0
-0.3559632897338077,-0.9724812884046409,0.0
2.026385609813994,1.056154702643034,1.0
0.9693550844348702,0.85350720976471,1.0
0.434016475133158,-0.4125835314812716,1.0
0.38426010678678074,0.9976140760927044,1.0
0.45194411135132007,0.11117018906692433,0.0
1.0870625691395737,0.1978103415638343,0.0
0.43315182365110055,1.093488092002922,1.0
-0.03488870123038537,0.3810005973387236,0.0
0.35715558060401026,-0.11013459718790661,0.0
0.3191910744986486,0.18579016584052388,1.0
-0.7396656149714553,0.21801892235771103,1.0
0.31057588141182596,-1.304751537164335,1.0
0.9259787710576706,-0.5035209846018948,1.0
0.46966725587753894,0.5159534237429567,0.0
0.26895452377796536,-0.10668694164522673,1.0
1.170835894971774,0.5478255375979375,0.0
-0.21474600045755904,1.167048853660853,0.0
-0.8052632677996356,-0.800306494329503,1.0
0.9035474279967918,0.8180289014103941,1.0
-1.529428589579887,-2.552068615491315,1.0
0.8002577485126301,-0.08401751337703994,0.0
1.5047407819919631,0.9546022289539586,0.0
-0.6507630934578821,0.3666678938443685,1.0
0.4245570413097504,-0.6665146451500512,1.0
-0.39996705240524044,-0.08105212629178546,1.0
-1.0292310535300022,-0.5440489576266269,1.0
-0.7425700288044681,-1.2621073522205182,0.0
-0.5635459167384241,-0.8944055241649532,1.0
-0.7749542556247371,-2.196519973522638,0.0
1.850400456054567,-0.06441043053717332,0.0
1.006085867060921,-0.6002036928031211,0.0
-0.846997819334955,-0.210595792528819,1.0
-0.7994696631227673,-1.674604898860284,0.0
1.9447133359576356,1.4175429352523035,1.0
-1.900509105628356,-0.9734421533527127,1.0
-1.5278006522460035,-0.17673862333984258,1.0
-1.048864641372302,-1.5695067690296818,1.0
-0.15679091530300093,-0.7724718851786876,0.0
-0.9051710946642049,0.8289449298352392,0.0
0.13344215389634229,-0.6045606694079461,1.0
-0.8632699643202784,-0.12057635351421853,0.0
-0.18146815947020406,0.3262075343265979,0.0
0.3164227713968038,0.3073900551132851,0.0
0.5766504981093944,-0.1900983520056183,0.0
0.3898541271407893,0.2861047117263461,1.0
-1.7083410035110882,-2.566862959123765,1.0
-0.3014361402970374,0.7368675214469538,1.0
0.832457260007129,-0.5738930912514055,0.0
-0.6021223866665112,0.48582248812582285,0.0
0.8666520848793825,1.1515022595895676,1.0
-0.6539888583438376,-0.11916374390599488,1.0
0.5310329972372828,0.47598536594446733,0.0
1.1807543552276027,-0.55522126379442,0.0
1.1455829785922367,1.0187213086257674,0.0
-0.7168681723128902,-0.29772113765430436,0.0
0.6371829022989718,1.0064834380830592,1.0
0.847992521117699,-0.840316722656452,0.0
-1.277897233883225,-1.4523322074723863,1.0
-0.21921222711250904,0.4141514147816657,0.0
-0.9168645975957108,-1.048782792273426,1.0
0.21820791545474244,0.17949202093181774,1.0
-1.0632083610988892,0.021789231567778233,0.0
0.844142884050028,0.5094399500557251,0.0
-2.137896087342917,-1.2318983559264158,1.0
0.588529325380711,0.8043680856131832,0.0
-1.7841030531542148,-0.7177528227392307,1.0
-2.2627734458887896,-1.623423145480693,1.0
1.0742216177418893,-0.15245730533364205,1.0
-1.5754637454710145,-1.1807616968669814,1.0
0.21141796134192758,0.18337033224474605,0.0
-0.09341060869543522,0.6466878987928848,0.0
-0.35482916093849537,-0.11258130042881173,0.0
-0.5927876280232629,-0.8262679594425741,0.0
1.0943426323180823,-0.07470444416892152,1.0
-0.12359012989827253,0.41642482510734774,1.0
0.31998560440490786,-0.6571236474772815,0.0
-0.21868754079932995,1.3474907803540015,0.0
0.6654752655364313,-0.8680167661637381,0.0
-1.063651037912208,-0.6259827834517374,0.0
-0.1288744052331517,-0.747125654336501,0.0
0.7355335092931194,-1.2052863328857173,0.0
0.17194913011165225,-1.9761706461135429,1.0
-0.43240116805372975,0.369957891150839,0.0
0.09787191506382031,1.3075568715368444,0.0
-0.3044034280439296,1.3448527898043805,0.0
-1.2195070062151463,-0.5606824342621158,1.0
-1.1806844992589063,-0.30152951946179657,1.0
1.0505637032299284,1.8762250050043374,0.0
0.791555474554184,-0.2889259415708337,0.0
0.052194876665049184,0.6483694029383388,1.0
0.07774937109665922,-0.4036820095183092,0.0
-0.36848456817997877,1.2546711956290946,0.0
-0.11515282108302868,-0.29637187000276594,0.0
-0.881362517458966,-0.8329920534069599,0.0
2.9308528155510825,0.11070203724491656,0.0
-0.09679207192454195,-0.020811022664518126,1.0
-1.4146018644420895,-1.9223111383641118,1.0
-0.7173913278687996,-0.43847981729969465,0.0
-1.0097109287025396,-0.9687898035291646,0.0
-1.2775029184976316,-1.506722382199699,1.0
0.06597445015901304,0.9052061150781014,1.0
-1.6810737332194392,-1.1255041557174903,1.0
-1.4196418670944884,-0.2705252194487566,1.0
1.9162751889380458,0.4185796675983606,1.0
-1.0084450593987202,0.27893405810765404,0.0
0.6641759261377223,0.2715813854282321,1.0
-0.6644827669416657,1.2152360381466123,0.0
0.1399257937649227,1.1171227930677334,1.0
-1.1502914244217473,-1.6865094502596998,1.0
0.8827012602617923,1.4524238285128168,1.0
0.7928610202928495,-0.2995008077386977,0.0
-0.3458799635889992,0.45463770312399954,0.0
1.4348546929215256,-0.5566947781316967,0.0
-1.5171884278906183,-1.5150154162852978,0.0
0.1221990890952405,-0.34854608445105406,1.0
0.878968241402313,-0.1132883942593863,0.0
-2.3659783553527265,-1.6510923227396672,1.0
-0.8656951899484906,0.7099577991258741,0.0
0.5999660156965722,0.049822143243616335,0.0
1.8999662527103895,0.566808266181976,1.0
-0.7940749717602315,0.8468962605869924,0.0
-0.9663532958969875,0.5362366178109392,0.0
-0.47417412115468316,0.3600984083969111,0.0
-1.8486314430395687,-1.222994318709633,1.0
-0.329125092101577,-1.106848727260859,0.0
-1.2456923645212628,-1.3208277286957202,1.0
-0.5666249760957722,-1.5582413204150773,0.0
-0.16113303486224695,1.2906649052185677,0.0
-0.8317056881375676,0.6878666021898604,1.0
-1.008453933602858,-2.7266324083462528,1.0
1.1524654464734816,1.3438545004513238,0.0
-0.077899448516933,0.5751998882964751,0.0
1.2653841338609495,0.42423977829687265,0.0
-0.3021653595554338,0.283232822930299,0.0
1.8751975798634701,1.0239719176157855,1.0
-0.3309480102853648,-0.7510749033106467,0.0
-0.20194333444561946,0.0858785829513221,0.0
1.035731483699378,0.5593681878393222,0.0
0.07929614308843361,0.4930645874006896,0.0
0.24860554458828754,1.3047427318037672,1.0
-0.08929508924873027,-0.13330978537650168,0.0
2.4171986433279837,1.7544115537628606,0.0
0.2457438439286389,1.4426739598006821,0.0
0.9251519655755053,1.604158275721749,0.0
0.1276698326850007,0.15549419376108192,0.0
0.7145783776979161,0.6325593320690963,1.0
1.1501600160109855,2.4215589095457997,0.0
-0.8844753901261888,-0.5130399116190891,0.0
0.03069611156384855,-0.8197766823193793,1.0
-0.46102247257223194,-1.1747103523397342,0.0
1.3566358817945552,-0.048794643335239085,0.0
0.6522034205870204,-0.9507227643456366,0.0
1.177344010877833,-0.24186245387892447,0.0
0.6894707059106389,-0.4579046867432356,0.0
-1.4513790170149954,-0.5860370344972807,0.0
0.16552412264519017,-0.4158107730650009,0.0
-3.348245013678594,-3.1918567772151434,1.0
0.9279348096564634,-0.23009346955543597,0.0
0.014828365435521462,-1.4813558777793088,1.0
0.16261792076050977,0.6194471795264846,1.0
0.5810243904935526,-0.07162781639732868,0.0
0.3163898862514535,1.9197934169881243,1.0
-0.4272048101215775,-0.10206562973110145,0.0
-1.6032412212069915,0.06680711578540044,1.0
-1.5101886698436828,-1.0967875014843709,1.0
1.3368123077520835,0.21050245720189464,1.0
0.3288584430983657,1.3287053029894766,1.0
-1.4332373777110554,1.3456411893536973,1.0
-0.7158536498717623,2.118721786556763,0.0
0.24274711415021197,-0.3332405883113453,0.0
0.6941630774709986,-2.0052460442847257,0.0
-0.16906481689050537,-0.5400814319694462,0.0
1.6349991541824938,-0.46475209942639684,0.0
-1.328472746103691,-0.9922877799283171,1.0
0.16018123054306854,-1.2032292171169379,1.0
-0.1653801238016746,-0.32789966168398976,0.0
-1.2416883326224921,-0.9260810527594935,0.0
-0.4945085992523648,-1.1404543070409903,0.0
-0.0274624418537307,-0.018483124278534133,0.0
1.0065491164850329,0.8729994957494857,0.0
0.19761990302897683,0.5530436576536713,0.0
0.5539642588014314,1.0627909984287083,1.0
-0.8230247655027213,-1.8338849781502131,0.0
-0.40601477382542434,0.010324865644682962,1.0
-0.6492732630036386,1.2171249481358173,1.0
-0.22024946973831933,-1.0567782504637098,0.0
-0.20729673327351805,-0.9469951142196065,0.0
0.05958569771126179,-0.5576612879305662,1.0
0.7013577319201153,0.11394395613396358,0.0
-0.46016092775222817,-1.5565366065783872,0.0
0.23196706109214277,-0.06644815024613934,0.0
-0.8361687362204152,0.8283156859377475,0.0
-0.2829030185869474,-0.2893189201318642,0.0
0.5081080264917621,-0.458824078445444,1.0
-0.94726314644546,-1.3692729751095514,1.0
-0.9065660124568014,-2.688064982195023,1.0
-0.6836626849515022,-0.07793436976872709,0.0
1.1907653916662333,0.646462972349092,1.0
2.153148201158546,1.1353259667943534,1.0
-0.8802254961147062,-0.6600467046276852,0.0
0.9061034211867585,0.6600481806428237,0.0
0.43276033063406366,-0.4471712478111735,0.0
-1.5322178185057296,0.08789288080043278,0.0
-0.18490169804781706,-0.09917029717390058,0.0
-0.7937660985388595,-1.4272154545834437,0.0
-0.15433144988138325,-1.7623785953845088,0.0
-1.3383487398946934,-0.09470009796054246,1.0
0.18565076133879915,-0.24512650526557872,1.0
0.14623030667389153,-0.4442380663810701,0.0
-0.7592132752669699,0.37759405168462434,0.0
0.5159488147584961,-1.045496689069009,0.0
2.824220690500994,2.288109043298319,0.0
-0.7942308828366149,-0.8835762638834005,0.0
0.5977667512273568,1.8326262243989735,0.0
0.40858182689371164,0.5528500289040231,1.0
-0.8357364869891385,1.7661652155704257,1.0
0.22658400725054983,-1.4770633640309274,0.0
-0.691702660915916,-1.2087727746060237,0.0
-0.3424196354960324,-1.4322394175167235,0.0
0.2236972669465757,-0.7809014724847146,1.0
0.277223908230507,1.5678298352696507,1.0
-2.241343728040827,-1.2096722466470329,1.0
0.7757530417345424,0.38614502609946133,0.0
0.45696757843425295,-0.28443499347639406,1.0
0.8529413766273735,1.2193998206053642,1.0
1.3323747710963596,-0.359296549826601,0.0
-0.3017802425568782,-0.6164370708660057,0.0
-1.007162115186995,-0.9504508570764538,0.0
-0.7087223292197337,-0.26407124761414563,0.0
0.43741902697125573,-1.2495600663741975,1.0
0.5746227845836319,-0.838340405389358,0.0
0.6956359816725752,1.1468722975582804,1.0
-0.7585073190943701,-1.2749944889332423,0.0
0.6183885061396515,0.00630610004345572,1.0
-0.47898494072913966,-0.15029675974203782,0.0
1.6560715345749522,1.3718219528558533,1.0
-0.5306915342123346,0.05857523514360255,0.0
2.0574169116175214,-0.6691736575209128,0.0
-1.6914198394123037,-1.2860180656294264,1.0
-0.6944239770228018,0.8193562839960176,1.0
1.0465314645672568,0.2912574945800006,1.0
-0.03903552209916583,0.4597278991186795,0.0
-1.427530835708086,-1.473919325931169,1.0
-0.041782215899151764,0.9408490840033255,0.0
-1.582172273253105,-1.5408201630396923,1.0
-0.19983157017437903,-0.39472662294662475,0.0
-0.17059562798089206,0.2708077701600988,0.0
0.44798159688302386,1.181515836477383,0.0
0.16506386547299615,0.027275339284275613,0.0
-0.7545830264011837,-0.13779342824188873,1.0
0.5222061359092296,2.0488175829596944,0.0
0.6689733553276258,0.8124813491319426,0.0
-0.4253926740999475,-0.34712740508070183,0.0
1.810817617737254,0.6985825930152674,1.0
-0.48105557477949284,-1.0785710083353386,0.0
-1.037370526778511,-1.1643501240831915,0.0
-0.3385854659966588,0.8449333276029407,0.0
-0.610698489074652,-0.6543109099892516,0.0
-0.057804700552315014,-1.6576363239902983,0.0
0.49419774542745093,-0.07855754947796792,0.0
0.6191735133094093,0.674172469617508,0.0
-0.8880627113555174,1.0506966115424736,0.0
2.85932912010018,2.2038245064827637,0.0
-0.216856719558854,-0.004189232814779648,0.0
-1.9610836540426737,-1.5190235874091684,1.0
-0.4099702240279731,-0.46695199151081684,0.0
1.7331043313712027,-0.10866565788384686,0.0
0.5102859749037585,0.19321628670895225,0.0
-0.41015726404848035,0.4752176693829209,0.0
1.2778801199903547,1.3459179691316738,0.0
0.3076715420925772,0.1289206900051376,1.0
1.6143065444118259,-0.06638461633286064,0.0
0.3203422541801976,0.2287124278622967,0.0
0.8207991118180893,1.4603993944462146,1.0
-0.0894652021060186,-0.7118348547537254,0.0
-0.24813901046355513,-1.1403813525295647,0.0
-1.4784053110408486,-1.1158178523837854,0.0
-0.18541520091794272,-0.3161233496304775,0.0
1.9559024733767436,0.9581996757981088,1.0
-0.7289708726841283,-1.0486991838679902,0.0
0.2650668106527043,-0.16323678623499827,1.0
-0.5144544927024406,0.14912449412369397,0.0
-1.5324144042156735,-0.8957498238193231,1.0
-1.5673922827184528,-0.5470802721573628,1.0
0.6509219960637115,0.5749328083192673,0.0
-0.5410921761400999,-1.6071839125486174,0.0
-1.381568802090517,0.06474876921157557,0.0
-0.15907721622120108,0.4113204177113708,0.0
0.0199573189993342,-0.1506069814199325,1.0
0.32497711769061893,-0.5381321469747886,0.0
-0.00913989581096486,-0.6305530139218107,0.0
-1.4372285435552898,-1.4488038925893945,0.0
0.48027125171681795,0.7549660951830807,1.0
0.8530302603944813,-0.061765242063750614,1.0
-0.8986519478146702,-1.3133874240177852,1.0
-1.2365700925953977,-0.2961914435890998,1.0
0.29479479512564877,-0.46555686850908207,1.0
0.4516988095614133,0.1348613728943951,0.0
0.8580008388331037,1.6831288755056129,0.0
1.953830249022634,0.9137770678448638,1.0
0.7025622988355876,-0.6304487602223796,0.0
-0.027253651443354565,2.174001463049719,0.0
-1.616415975355708,-0.9555515116062985,0.0
-1.5720125108787384,-1.1423590763396327,1.0
-1.8108235762827707,-0.6703929847538744,1.0
1.0374921578513214,1.3467270898917727,1.0
-1.1925540074538192,-0.8818170273461227,1.0
0.31041618868404763,1.5795904552139417,1.0
1.0295486447728313,0.6435305006625847,1.0
2.4121349670099206,0.11440863793635625,0.0
-0.4135927217553165,0.14690104710317792,0.0
-0.16810349553039833,-0.24051815879141153,0.0
-0.959215700027009,-2.5572691409662944,0.0
-0.13056108745914996,-2.0370006814430677,0.0
-2.3762833777159695,-0.1757090778295507,1.0
-0.047859669180080056,0.7281672940728887,0.0
-1.3994783056329234,-0.4283376124363943,1.0
-0.6396793077790252,-0.40516743174255854,0.0
0.9871184225017575,0.6654946996659388,0.0
-0.38952265422014953,0.014411767205142756,0.0
-0.958692309015601,-1.758729148318192,0.0
0.4858565984171822,0.11205673078608583,1.0
-0.9983780443962162,-0.6814315271410643,0.0
-0.6283041023439841,-1.6206124257189733,0.0
-0.030976149335743774,-0.28795174754769814,0.0
0.20376526849348758,0.8699164090010507,1.0
0.4833276913610348,-0.14470582614699876,0.0
1.3666564734349542,-0.4240186991401071,0.0
0.9843113141110154,1.2751551296588806,0.0
1.1839450515292333,1.2585624858652842,1.0
1.367069677672276,-0.4689553633758852,0.0
-0.39797598449579896,0.6469870497779175,0.0
0.1545776119731487,-0.4795071327113807,0.0
-1.2896135127515431,-2.6842432086864747,0.0
1.0171906338132706,0.004774339303679986,0.0
0.6951717779174358,-1.332292603775874,0.0
0.20955314176340112,0.32438411697227093,1.0
-0.797061356994158,0.1132244780995666,0.0
1.951468051975042,1.8717317088240422,0.0
-0.35277900771215126,-0.30500365444950184,1.0
0.36360488077510356,0.4314685506221883,1.0
-0.3238049815590737,0.4916130478189779,1.0
1.7122270503082775,0.5365893580804181,1.0
0.08848109607421356,0.05289691321037995,1.0
-0.6501882608716705,0.14572241669328678,0.0
0.014802975113161865,-0.8445099541407175,0.0
1.1923461338873267,-0.8100411756750916,0.0
0.3066294295365684,-0.7069611833241938,1.0
-1.233980711343751,-0.5379317279169304,1.0
0.34734733376821203,-0.01399737224741232,0.0
0.6847256717686314,1.2454324501806024,1.0
-1.5149217773669283,-0.8398262444555872,1.0
2.1937321199916333,-0.9380066831052264,0.0
-1.6070507349234024,0.03626384369247526,1.0
0.3194192740308024,-0.5940989270628934,1.0
-0.4949760680940964,-0.1115980990220134,0.0
-0.6327513516293269,0.19020475808908058,1.0
-0.14412754413629983,-0.22739595399237877,0.0
0.19572469982452845,1.7424646915611084,0.0
-0.6652200629732749,0.1391366397603545,0.0
0.06166005673982361,-0.016442123180696717,0.0
-1.6445905511219656,-0.15463499672052183,1.0
0.9915503142337605,0.06516471009325797,1.0
-0.06234332537631071,-1.0687449732099095,0.0
0.8124178539483383,-1.0257264302416906,0.0
-0.46025587558575526,-0.5457603799848381,1.0
-1.9826116729806116,-1.031967931349305,1.0
0.6649375497910696,0.9661976953943747,0.0
-1.072594184804326,-0.8810505709066312,1.0
0.6907576868165821,0.7793898151211059,1.0
-0.07222689275288552,0.9339414409582207,0.0
0.3048348517255707,0.17928573290084526,0.0
0.5637069684870994,-1.1180175715615477,1.0
-1.1515665355660423,-1.53107708979714,0.0
-0.6329161238438255,1.823765687212246,0.0
-1.1382811699486164,-0.5967232306612342,0.0
-0.5491395348769748,-1.1844344797102384,0.0
-0.8021928385648031,-1.9033688128744308,0.0
-0.11360211077019153,-0.041918151601161566,0.0
-0.39203716714886994,0.09915896576654368,0.0
-0.42261315999053406,-0.4579903804020924,1.0
0.6124978301773492,-1.966671441254284,0.0
0.7204253523531653,1.8415761005422575,0.0
0.7310728371646839,0.4891021743303754,0.0
-0.9121445040910259,-1.676087315553971,1.0
-2.214141503289457,-0.4550185419667854,1.0
-1.129444850634448,-0.3137245952266287,0.0
-1.4741131568900627,-0.91452708733002,1.0
-3.978004301257702,-1.6716367720100693,1.0
0.30930604945539375,0.47732449160527,1.0
0.5287787570947922,-0.2120925104502203,1.0
-0.4552457219966881,0.41955997247178944,0.0
0.7123605849091632,-1.4277017388192077,0.0
1.5768617365255964,2.2682534968227808,0.0
-0.4433166528834671,2.5712524071020297,0.0
1.0828660941348127,0.992935052821632,1.0
-0.0006059723436958875,-0.3231364692213179,0.0
1.3122946896843413,0.9843285738446138,1.0
0.5268226616528259,0.5685166134363544,0.0
1.0962500859116684,1.8107470455065064,0.0
1.9494043902483424,1.0947296300188585,1.0
2.8967262808777794,1.0571716866657028,1.0
-1.1483291010487613,-1.1683826934647754,1.0
0.8162529484736887,-1.1561211037716603,0.0
0.11643356741800634,0.5733041210275323,1.0
-0.9524648691761118,-0.9613662091076671,1.0
-2.160939871531443,-1.2811865452375273,1.0
-0.5787342379915367,-1.0656251541614046,0.0
0.16418589503893366,1.065166642873435,0.0
1.3607223683524725,3.2128959107523074,0.0
0.030021667406578634,-0.3350677904469226,0.0
1.939217316303427,0.1711892852589565,1.0
0.7988508728119921,-0.28020439220509663,0.0
-1.3180445914863714,0.5529009826050642,0.0
1.177742051904015,0.4590413623076418,0.0
0.18188340114364673,0.26022024365672547,0.0
-1.078246597001768,-0.4198830272342606,1.0
0.5878007917823616,-0.2060811070908382,1.0
-1.0302980781241362,-1.4549359105926292,1.0
-0.8714041462201452,-0.6581188114186585,0.0
0.040129571364958316,1.8192677763545206,1.0
1.2451489354260865,0.823658354206842,0.0
-1.0282773586748852,-0.2112880707654527,0.0
-0.8222461362653537,-0.8288832388247503,0.0
-0.8742439854079151,1.1088910302986963,0.0
-0.5867272557638451,-0.004086947131075325,0.0
0.45309913820710207,-0.6059393703856417,0.0
0.2827706824278714,0.006765103415152435,0.0
0.9022290491273761,1.5123201854569772,0.0
-0.5431458607975543,-0.4276636497236634,1.0
0.1735006761443314,1.6920412657072412,1.0
-1.062663275145523,-0.47654802940162844,1.0
-0.5279492687540646,0.30782378117600134,1.0
0.5836594753005617,-0.596924924482369,1.0
1.6509004819718522,-0.2526480568111713,0.0
0.347864005170177,0.7137880200847387,0.0
-0.4103252662060537,0.15752236190834956,0.0
1.2818575799386367,0.7318933764998796,1.0
-0.799938139079296,0.5862341289868018,0.0
-1.8062603298743811,-0.9594585522503076,1.0
2.9846646936034307,3.2312078683336978,0.0
0.7477010758960712,1.0367504861719081,1.0
1.1176090533208098,-0.09766861061829057,0.0
1.7068202543993047,0.17318244947448158,0.0
0.5184168680470536,0.5703865754012024,0.0
-1.3643919125844304,-1.7460101385949134,1.0
-0.4411444352746086,-1.049256441135518,0.0
-0.9288339538964294,-0.4897610950152017,1.0
1.859593688112533,1.1770610896993734,1.0
-1.0693203040985144,-1.045877728799854,1.0
-1.412777853089446,-0.2606057344442856,0.0
0.41851665736311694,0.7832378367548612,1.0
-0.1908546016148963,0.06742871651311898,0.0
-0.01758922853052424,-0.0405629085087197,0.0
1.282498454866752,0.660192034110051,1.0
1.4108909235578369,-0.9860069555475377,0.0
-1.0787223804459698,1.2330307228886441,0.0
-0.4237288950102776,-1.1106636500413773,0.0
0.642747946135401,-0.9278389407829974,0.0
-0.3592540199010513,-0.8028077269582717,0.0
-0.43980495308729545,0.23829729150692347,0.0
-0.23362651711911206,0.6476489732045053,0.0
1.9694097241821518,2.5801624196896,0.0
-0.7191510754453194,0.4662619530388795,0.0
1.2748339544973308,1.024966521190049,1.0
-1.0713145417701093,0.8474273691639064,1.0
1.2595470102036959,0.2739957584808996,1.0
1.0379007488424934,0.12521602471042337,1.0
0.21541847966024238,-0.44968804335478435,0.0
-0.003973093894528712,0.9976131259545589,0.0
0.7839927190567121,0.17641403579788095,0.0
-1.3464453570382764,-0.8195088052519163,1.0
-0.5310689529565829,-0.6718767158525266,1.0
0.7622781658419774,1.1066812067490888,1.0
1.6108609797426259,-0.17213387662734436,0.0
-1.7728152623323412,-0.8946307956923852,1.0
1.4051459938842767,-0.029707241340696355,1.0
2.529088189540005,-0.21235127951627097,1.0
0.6712864799453097,0.41385583520956754,0.0
1.3816183034034557,0.6125663933215821,0.0
-2.005350303399954,-0.6404242479171296,1.0
0.7263751549218462,1.0587862640014571,1.0
0.8271154795573084,-0.2118272794364845,0.0
-0.22685723852239437,-1.618455548158313,0.0
0.8163380450845008,-0.1524198560245169,0.0
-0.5861373284201452,0.11364550470602416,0.0
-0.1988654666704357,3.1016134456944267,0.0
1.0003904424180001,1.185401838329268,1.0
0.7209885536536373,0.8987456355094553,1.0
0.6056824897502395,0.9091553565664011,1.0
-0.21139836308717186,-2.1103305969414845,0.0
-0.008583925354839733,0.2566472711847501,0.0
-0.30569914374231255,-1.379561364100145,1.0
0.6576988594511829,0.001268851726186293,0.0
0.600735732212369,-0.3163394898389566,0.0
-0.3416302048171562,-0.5692050851414944,0.0
-0.12118829109882434,0.5015470057618691,0.0
0.9725510439421883,1.249072695108573,0.0
0.5241245316951403,0.9221291081642976,0.0
-0.38378802416956165,-0.9740937463786965,0.0
-0.13918442940515008,-0.2188582903793385,0.0
0.9304377694276,-1.5665511704447472,0.0
-0.8467621016772209,1.1242993994748283,1.0
0.33818081386527526,-0.9478686148267091,1.0
-0.2687958633355717,0.8434069956234758,0.0
-1.3228922098932143,-0.663564966968214,1.0
0.7022350376249052,-0.21949272204043882,0.0
-0.5066843840469145,0.6412772479901219,0.0
1.1095990706030472,0.1623448469712847,1.0
-1.197341045964766,0.5462984306398004,1.0
1.8156898568146762,0.37592411699837236,1.0
-1.5537081069407017,-1.3607527590977972,1.0
-1.085469878289513,-0.5607595741114406,0.0
1.0070688818222369,0.36545028973063015,0.0
0.4850325767443828,0.18609660730807798,0.0
-1.0746927290686097,-1.3112297438556395,1.0
0.38890634546910774,1.5906105318876138,1.0
-1.4618410286232248,-0.07760862547555114,1.0
-0.4415454156485254,0.3789313936498537,0.0
-0.32850414265856687,0.34859416840386753,1.0
0.6303137976613842,1.828597108145575,0.0
0.32757999939610494,-0.7745000304387117,0.0
1.787691727169552,1.1529545779265757,1.0
0.8697743658614031,-0.019023712692016248,0.0
-0.07444700895580755,-0.5197041097826953,0.0
-1.5131856938215569,-0.5965305822095786,1.0
1.917417768729935,0.22497496555686447,1.0
-0.21759486959470808,1.9062969128644127,0.0
0.22405217382664588,1.7411977373605834,1.0
-0.8157168587472996,0.535962111792481,0.0
-1.3273295422148605,-1.4390564984810554,1.0
-0.3271937548206418,0.23951276413167144,0.0
-0.21774149285216507,0.12409354908193022,0.0
1.2368905955557874,0.33054061455485056,0.0
0.06415577662957142,0.1645914208781081,1.0
0.10846088526286585,-0.3713360056749381,0.0
-0.3614680316094641,0.2836087329415501,0.0
1.4816909141881813,-0.13740331042251963,0.0
0.23491825336812638,0.7992617201319364,0.0
0.4344758383630877,0.9452923293625595,0.0
-1.001611997325074,0.5081379322602148,1.0
0.310831308287445,0.5003401182294157,1.0
1.6189103044390691,1.116750348399442,1.0
0.44659840544165985,-0.2800397648489459,1.0
-1.809683047806792,-0.2666105006284888,1.0
0.1646701702580166,0.09930250055368545,0.0
-1.9243589306285274,-1.1413830258848512,1.0
0.7782623049217662,0.6412030000074995,0.0
-1.4198729708444233,-1.2874186273807922,1.0
-0.17727768552143186,-1.738978535722061,0.0
1.4178256058783072,1.4504174118636717,1.0
-1.0655423837059985,-0.31146823247023686,0.0
0.8943974379459456,0.5600639991930848,0.0
0.3459057138980844,0.03928943154702713,0.0
0.7527322695659766,-0.36825646409539703,0.0
-0.07276182682018065,-0.3288879526493409,0.0
0.1534564614946477,-0.6887370702729828,0.0
0.3998957267951935,1.7435499934090575,1.0
-0.1523003493539678,0.0816214276026471,0.0
-0.09922386602057023,0.17485935556605497,0.0
2.328576433270185,0.6692145930240527,1.0
0.10193580009514203,1.8989564790563287,0.0
0.9070335365276445,0.5199643093061634,1.0
0.8778999018621597,0.613638385548201,0.0
-1.207984013711155,-1.0899513998927015,0.0
0.3989375954783477,0.2753184273521071,0.0
1.204289061377687,-0.3374983987790657,0.0
0.22796292861324807,-1.4324495838256142,1.0
-0.1699987601577605,0.9182334985591982,0.0
1.3814389320173837,0.4751312201445661,0.0
1.8746393325121242,0.8697447577807327,1.0
-0.8372017478278609,-1.0627543845647263,0.0
0.35359689122580834,1.3123704391064506,1.0
-0.44993589767015074,-0.6096465445751994,1.0
-0.13602330485689684,0.34472908041803585,0.0
1.498530071223251,-0.005751809924529949,0.0
0.5346454501854916,-1.4159725192353296,1.0
0.2993186712769913,1.3391273359360742,1.0
0.121616912491879,0.4307291787365777,0.0
0.7810010084632528,-0.3484934111137502,0.0
1.3399781647863365,-0.8381875685641831,0.0
0.7681484634797129,0.04083910556297765,1.0
0.32015414581067403,0.557332675705579,0.0
0.30925092497441364,0.9682618596393717,0.0
-0.9717607958054812,-0.6556392256154436,0.0
0.10963949410424179,1.568401367579544,0.0
0.6345932667773644,1.3433054424829622,1.0
-0.22657059558581644,-0.5205698457007117,0.0
2.7880275129798133,2.1510599375185198,0.0
-0.29164317543252793,-1.1429554399397481,0.0
0.25183215873046205,-1.4379667044920876,0.0
0.19660751697676804,0.7674081410393576,0.0
-1.3590130166749514,-1.311098654140962,1.0
-0.9020395730998115,1.5979996475260014,1.0
0.24078965080151105,0.4768380134132769,0.0
1.027590745204398,0.6323403587787785,0.0
-0.2632290591719759,-0.4112863485777513,0.0
-1.4239970135236986,0.8097453044120861,1.0
1.4672584765238352,0.9096885707357935,1.0
0.5704115256067099,2.4829949383572227,1.0
0.17837100770063988,-0.22846080526976623,0.0
1.0495106678033257,1.098863456255933,1.0
-0.030523256506506224,1.1443155069602833,0.0
-1.1362943289180425,-1.8181632915688268,0.0
0.14313841448492598,0.908204391386144,1.0
0.8679582446764939,-0.45181757324700134,0.0
-0.42894482756348684,-0.2751129273392406,0.0
-0.8084343656048114,-0.03173477205445485,0.0
-0.12002911648918671,0.20426831045228488,0.0
-0.44990960472252295,-0.4474722616094428,0.0
0.7269992859797629,1.4452667735183593,1.0
-0.42158535832782196,-1.5231751236050395,0.0
0.7518596567383933,-0.30799211283518224,0.0
1.2693006487275276,0.5106840642017911,0.0
0.13047746530025567,-0.6720864737728657,1.0
0.4130124235231857,0.307276052062602,0.0
-1.14888715083451,-0.06649683996846312,1.0
-0.1195677570298107,0.5621053730087971,0.0
0.44380183863489814,-0.7667390332380359,1.0
0.23188176586352605,0.8547711954238271,0.0
-0.24142191978664854,0.37052436591055404,0.0
0.621831833279651,-1.6455984795125764,0.0
-0.1684536367418642,-0.44577491727864016,0.0
-0.07622711731474735,0.729205379864771,0.0
2.5322554844823335,0.458848802000386,1.0
0.012903558143491181,-0.04306524261947006,0.0
0.732134528780829,1.9915928930615374,0.0
-0.8303271505989696,0.4933586280522363,0.0
0.9570142040198621,2.052727525710079,0.0
-1.6480973053673318,1.0698439707103449,1.0
-1.1073555056564899,0.46390283440949276,1.0
-2.2294588015387795,-2.229399806194865,1.0
0.9772425552056723,-0.26612709668180856,0.0
0.2000035099133543,-0.43029342528161285,0.0
0.34628168058407316,-0.3775943845022447,1.0
1.0991456549384986,0.2717647563342805,1.0
-1.7059096653721981,-0.7753131711791702,1.0
0.13442737097825583,0.4134496040252513,0.0
1.1311004308050145,0.05814566600975679,1.0
0.5291205719292371,0.6454215180349063,1.0
-0.7720765145316691,-2.437848839959554,0.0
0.7459850653608026,0.1817697646159102,0.0
-0.5960110875378938,-0.30337287307414856,1.0
0.4937113489974879,0.03306904940168123,0.0
0.7303477031427106,-0.045107046966286146,0.0
0.6316919773358354,1.4530576986372226,1.0
0.10483754386720034,-0.7312955870832791,0.0
0.4384363429008842,-1.4402377091225196,1.0
1.3343574110674938,1.4030947739280355,1.0
0.11742209360864797,0.7683684092020375,0.0
0.026842462895560526,-0.4821623650907263,1.0
-0.5309661594543105,0.8853141632340537,0.0
1.1990527710846217,1.0452178424773304,1.0
-1.7458929125148275,-0.03218716148984735,1.0
1.0398401367350414,0.9981249340068358,1.0
-0.3324168857613229,0.4348109711774225,0.0
-1.2681000114293233,0.6901193727964685,0.0
-0.017942716895785138,-0.6556400199170973,0.0
-0.7337136150834473,-1.3780022659085776,0.0
0.2516989691355339,-1.0348099915822235,0.0
-0.5300961644403506,0.2915292593266424,0.0
0.17814619884836733,0.48175027763838046,1.0
-0.36378570428420537,-1.3349761821156034,0.0
-0.09345361142727732,-0.7692100370092629,1.0
-1.072768379046826,-2.027891949518346,0.0
-1.2744776877324298,-2.0857609198101557,1.0
0.4340368013673127,-0.27050768437082673,0.0
0.5834961350997053,0.6369950147747195,1.0
0.26899152409656824,-0.08004710834373667,1.0
-0.9128200386562063,-0.7769762290145452,1.0
1.4123416656743237,2.2505649885202326,0.0
1.1047724920701336,1.074301613124318,1.0
0.38230441989969066,0.9953610515402873,1.0
-0.263244334343395,0.022141233286487774,0.0
0.11332912340047074,0.9302243067850187,0.0
0.9093970105360788,-0.41392947786903195,0.0
1.4285196438371484,1.4406582520763913,1.0
1.2132894041956446,-0.004054425764515757,0.0
-0.3814398677435993,0.29285036961007166,0.0
0.545881881945514,-0.1042423507113818,0.0
0.24855038216672684,0.11779904408330959,1.0
-0.6201697462677297,-0.2021298558699767,1.0
-1.5935655090299743,-1.3189410966710104,1.0
-0.3064681194806197,-0.06654849782361602,1.0
-0.5906540873778768,-0.03038295447476036,1.0
-2.108664676095392,-1.131753310831466,1.0
-0.629075329181401,0.4061308171676501,0.0
1.1931776249544432,0.18015175783297666,0.0
1.7935174097130377,0.05760887324356512,0.0
0.7443526397372934,1.8900158373264504,0.0
0.5970887831937752,0.2989964234947565,1.0
-1.087846461574787,0.4270990933472934,0.0
-1.0191083591674315,-0.32700973187221666,1.0
-0.9149831211673991,-1.1940441326265834,1.0
-0.30315044099053473,-0.9167899903180485,0.0
-0.9444361192339239,-1.4288212226997217,1.0
0.5464968109665074,0.39140861522160497,0.0
0.5506341850050989,0.5818412273975275,0.0
-0.12043932518425032,-0.5059635734883097,0.0
1.2143777907158708,-0.0017532176342086592,0.0
-0.9290314967740396,-1.9438346140982135,1.0
0.46834126371786156,0.7077418098210977,0.0
0.4785585972709544,0.13139544341582343,0.0
-0.059440428187444716,-0.24249745093853436,0.0
-2.1302838280430976,-0.05297434629677045,1.0
-2.93602338688002,-2.1455417975417768,1.0
-1.2634888541350051,0.08500933671235167,1.0
-0.508976427273865,0.03974994776357185,0.0
1.0318101065293286,-0.04310085667539948,1.0
0.8219518433347948,1.2967216742591838,1.0
0.5051282009101214,0.8090685880593677,0.0
-0.7193401052622276,0.8460438527729127,0.0
-0.9899369582902062,0.1117971641605805,1.0
0.8614691871538204,0.5830945734438587,1.0
-0.09617794718662082,-0.02825998048568658,0.0
0.08718479683073868,0.42424397102059114,0.0
-1.5763280182551207,-0.8558519875784738,1.0
-0.6884241070010388,0.7738952434463696,0.0
1.0066340689005786,0.4848360063404721,0.0
0.8206435121837007,-1.0312532174013063,0.0
-0.19591524803731097,-1.6301433271165509,0.0
-0.7317729131274856,1.5034564675230202,1.0
-1.0103455858880432,-0.4969190034144191,0.0
-0.42387125428529804,-0.31973323179846574,0.0
2.4387647835858433,0.5369955130676936,1.0
-1.1254301230062511,-1.2807163270418271,1.0
0.4683870720074542,0.9665955769296959,0.0
2.128866516126485,1.1111595519673558,0.0
0.836507933178793,0.33610171896570595,0.0
1.2628024098866384,-0.8693059110407964,0.0
-0.012025684218640809,0.3404623425301637,0.0
-1.8595037088524766,-1.3116166343403104,1.0
0.9651716894783764,-0.21379530948088343,0.0
-0.799461127964046,-1.0658833926984563,0.0
-0.541659644918846,-1.0890623877869987,0.0
-0.05301668009136805,0.2842940202222417,0.0
0.08108045540949399,-0.6632783482803231,0.0
2.441699406916774,1.0465096233505196,1.0
-0.2585538936582535,-0.05546791720722537,0.0
-1.1383311186245262,0.20476604730887582,0.0
1.0641934016803474,2.1820129618266937,0.0
0.15951633918430325,-0.36961917379445874,0.0
-1.7595796063422044,-0.5139525236385429,1.0
1.408094154842333,1.2782311818604446,1.0
-0.7186879827543329,-0.8075657224127761,0.0
0.4197734553962973,0.9123896379685906,1.0
0.41454910883505935,-0.28813667640814633,1.0
1.8459886166344615,0.19980959603195825,0.0
0.0014698718259132937,-1.602260004775979,0.0
-1.2486828257018696,0.20925960680893274,0.0
1.220521714732054,-1.023746931091229,0.0
0.7116251428332376,0.28665663783547274,0.0
-1.6350458755939608,-0.6386399147505077,1.0
-0.7116746066451991,-0.8627991574419028,1.0
-1.4313521486691663,-0.2731123051758638,1.0
-0.8954824139292349,-2.1430585925273116,0.0
-1.1513592576830822,0.8383400011902392,1.0
1.9269619830583355,-0.8870934001906845,0.0
-1.6566408714994196,-0.3351803333648309,1.0
-0.49735287488167007,-1.4204637288311273,0.0
1.5833884666131288,-0.25447339989388573,1.0
1.7305807931082453,1.4345211265199223,1.0
-1.506325123579874,-1.8358875256053961,1.0
1.2376397259456824,1.809285816914086,0.0
-0.21705477867722817,-0.7144893963826657,0.0
-0.6824398427785869,-1.119718136557732,0.0
-0.23514398572807305,-1.5969578840518757,0.0
-0.8578745663738726,-0.35203059192275415,0.0
-3.282628196538956,-0.12094170286556927,1.0
0.9120037372949412,-0.6888266298031316,0.0
0.6997721392765375,-1.4005902128327303,0.0
-1.0483742714416302,-0.37899211789711174,0.0
-0.4875610944179491,0.575003585915022,0.0
-0.3238247110613732,0.42188108333970975,0.0
-0.33037669425980726,0.7746602140992636,0.0
-0.35543896614091586,-0.5192086409403913,0.0
1.1058257514420415,-0.6147849537380314,0.0
-0.17630121597983828,0.6960069439779961,0.0
2.6537055926545143,2.174891223766281,0.0
-2.0969724808086507,-1.3019525017776659,1.0
-1.0802432982001033,0.7253091137379815,0.0
-1.164686239594849,-0.1980391142037583,0.0
0.24896465178681704,-1.4065871498654205,1.0
-0.9102320988921505,-0.40468733933364803,1.0
-0.09119516745958325,0.2709837233049092,0.0
-1.1669053703689536,-1.0244750395039908,1.0
-0.02715174480592486,0.7027071259419984,0.0
-0.8982755634012212,-0.23128311914554472,1.0
-1.1452798118187002,0.18393643447985253,1.0
-0.2619742622128665,-0.06954999609267125,0.0
1.1123715102121403,-0.06168699407299871,0.0
-1.9540582877373738,-0.05567770746382861,1.0
0.2834638651345061,1.0627908317504342,1.0
0.4095030256090456,1.724098086299471,1.0
1.5777462852653201,3.2100755369336866,0.0
0.41102878616842486,-0.5797994264540791,1.0
-1.192531830434222,0.17641147058775686,1.0
-0.9937298839312818,-1.3313390736407196,1.0
-0.646555946816848,-1.130052984316624,0.0
-1.1291272465595386,-0.1423072401100316,0.0
0.5055985146331837,1.5892325260781874,0.0
0.25808018112489295,-0.4882322395041142,0.0
-2.4561997827682567,-2.39376831603062,1.0
0.4354676910929431,0.6575443282518842,1.0
-0.908681396768132,0.18952872911221763,0.0
-0.6879916157632378,-0.44004604699482847,0.0
3.5198899118439946,1.2845833956331465,1.0
0.38489654617490543,0.018035563626792178,0.0
0.5733038295077667,0.6481024886097864,1.0
1.1280938981074313,1.7412596401837632,0.0
-1.247277471720575,0.029210725178511976,1.0
-0.4405268363201126,0.35064147774519105,0.0
-0.33488354011566895,-0.46085375299164344,0.0
1.61584595097021,0.9298896051106329,1.0
0.7611072106733205,0.3944628325894011,0.0
-0.6484578130908933,-0.05745936019481085,0.0
-0.15980811125642852,-0.9867085721065392,0.0
0.17395750353965786,-0.48611754835007404,1.0
0.22900189375896068,-0.43079748915825344,1.0
0.18143126852825603,-0.8425458979364426,0.0
-0.9671795812122601,-0.9550013461375076,1.0
-1.648608340741434,-0.5344431797537126,1.0
0.07383294782574965,0.4487035368012784,1.0
-1.9973508388189325,-1.0790341096373293,1.0
-0.16573909997556882,-0.04600975240386213,0.0
0.6749978830487844,1.312035485794346,1.0
-0.7772508506098735,-0.3104153011761003,0.0
1.2490841675014268,1.5563637811319881,0.0
-0.019226284397576773,0.012662383936249131,0.0
0.4655406547201881,0.46535441913295844,1.0
0.015780247919890765,0.128919691836151,1.0
-1.1338333096977533,-0.5967903442201732,0.0
0.1976104269286047,0.3588784050644746,0.0
0.4027126686390868,-0.6281035358195168,1.0
0.2614846725840775,0.13568052631243277,0.0
-1.6636087348013415,0.7338816498208003,1.0
0.2400629473360259,0.9939865303421636,1.0
-1.0565460782945135,-1.4401948751077012,1.0
-0.35640791204549377,-1.2551886143714164,0.0
0.12568688852768042,-0.018210446337601154,1.0
0.8301899955266927,2.4012878730232323,0.0
0.6476099352016831,1.5601370122350413,0.0
-1.20248333906921,-0.2791331464894634,1.0
-1.3781365642716732,-0.287836739101212,1.0
-1.617178908174681,-2.2345433075150356,1.0
1.1765896463329044,0.7877701344997512,1.0
1.3945266593042547,1.3080639866775439,1.0
-0.2535625662871091,0.7209306528854703,0.0
0.8859553129205464,0.4202612889184527,0.0
-0.4923229408007945,-1.0628900867873756,0.0
-0.8535793964634,0.463411026258207,0.0
-1.3153292474304161,-0.5134954444298825,1.0
0.2337369442781586,-1.4803177169343509,0.0
-1.4282654882189756,-1.8694046699154347,0.0
0.1306187661488616,2.1013570881436445,1.0
0.6764290679675242,-0.6446856317601656,0.0
-0.7893131297822373,0.10794198507316566,0.0
0.43529064983020366,1.0412724438800849,0.0
-0.2669706610717556,-0.002544460314283764,0.0
-1.1781380172881124,-2.1168697902636873,1.0
1.5405921845556312,1.2018749148491668,1.0
-0.5443249056091308,-2.674606186012525,0.0
1.9639744962621015,-0.2793541734402426,0.0
-0.6248847358472687,-0.6839480932655863,0.0
1.4299867899479037,1.2725500718834404,1.0
-1.0247129023862434,-0.9340667253139099,1.0
-0.38887146338138995,0.22979129526575548,0.0
-0.274867008957232,-0.2371649405481249,0.0
-1.8178017137039357,-0.16415091543281357,1.0
2.10538781920802,2.0909420806598744,0.0
0.04534725137833928,2.08101250846701,1.0
-1.2935343930750174,-1.460160521601917,1.0
0.6073088468696597,-0.14071943317133867,0.0
1.3090409869848605,-0.292622322621514,0.0
0.17564048886946815,-1.295182427919114,1.0
-0.08385229263889349,-0.8565801259950466,0.0
-0.017318757563615395,-0.559755319750095,0.0
0.8569399582301216,0.8582426907166308,0.0
1.4093858007428424,2.317452899738585,0.0
0.2673004323275741,-0.27255367902055694,0.0
1.6143992224398103,0.4353892049812109,1.0
-1.9057806475253396,0.3021854004262957,1.0
0.1414173757191638,0.2391332452695278,1.0
-0.01277058276152937,0.8276676511728873,0.0
-0.5635094152283187,-1.4611594381613484,0.0
2.01465593952187,0.6334055554628961,0.0
-0.23602334156562318,-0.3406558617028008,0.0
0.6821670555627213,-0.44965943865461766,0.0
-1.6919663768756907,-2.423026014016381,1.0
0.3604880369160415,1.2397595505353354,1.0
0.7276774711834576,-0.2772640209644306,0.0
-1.3096560548864136,-0.9462455930685478,1.0
1.376114403749718,0.6285988983378126,0.0
0.09241008630384012,0.8547556517299779,0.0
-2.3775566294627613,-0.2356741577764383,1.0
-1.7960587090499591,-0.08217464596544932,1.0
-1.1489506015239235,-2.3225283763315976,1.0
-0.6427663708911484,-0.9819852388381468,1.0
1.7338862140351399,1.8389961427743262,0.0
-0.4371001838403138,0.27704469788805736,0.0
0.9484375080596597,-0.476725412113688,0.0
0.269259516942063,0.5041270810971029,0.0
-1.4871833538313384,-1.2211708845573306,1.0
-0.29364144606999054,-1.3884557527308927,0.0
1.6821930988166987,2.5157518775706365,0.0
1.2972780328741764,1.8606943510834695,0.0
-0.6671799434498589,-0.6790028371797064,0.0
-0.56324066170809,-1.3371411233612427,1.0
1.42938946578256,0.9841041552818746,0.0
-2.166332867606532,-0.714920817971993,1.0
-0.06499832657386981,0.3516281838269668,0.0
0.6813528456603741,-0.38213851556709855,0.0
-0.34827521222398894,-0.21400909957168823,0.0
-0.40288071705178086,-0.08804140680236053,0.0
0.011597930874473028,1.9752738860302463,0.0
0.4618833806425581,0.36810599852306114,1.0
0.7051508631922372,0.7238499307643192,1.0
0.4830625193048679,1.944364361377494,1.0
1.3504699317811144,0.8735969882105726,1.0
0.5898630459346744,1.6660790885787986,0.0
1.2499815801723917,-0.5727938459309453,0.0
-1.0258682956768654,-0.038732551060691955,0.0
-0.2275429768148311,-0.754598366849125,0.0
1.6238593375973112,0.15801241307085245,1.0
-0.29756951271943294,0.09743173330564592,0.0
0.770400946898528,2.0561278457718624,0.0
-1.3016102944059351,-0.5176346219005592,0.0
-1.4807822586463772,-0.8385181128840664,1.0
-1.64795784999747,-0.5859493248901161,1.0
1.183811179399001,0.6721949546930226,1.0
-0.26238900855096814,-1.1907271020336831,0.0
-0.8169609038077572,-1.3468873751000694,0.0
-1.5818807396526728,-1.7092585981778703,1.0
-0.7741605852292719,-0.5651742777018617,1.0
0.03884132936763929,0.7228421694765012,1.0
-0.255656027438119,-0.11707355999246842,0.0
-0.24254389193596793,0.254100907077051,0.0
-0.7163600843955108,-0.6661298338365571,0.0
-2.1294738598230434,-2.009845799151594,1.0
-0.8908428249950953,-1.4964560965241038,0.0
0.23644515649540931,1.135173615465788,1.0
-2.6480419882886066,-0.4112018671000037,1.0
-1.4597224094760657,-0.9490417238400033,1.0
-0.060983099401550445,-1.388659927168209,0.0
0.536035357513139,1.0380051826406864,0.0
-0.7953466216109458,-0.8466680685602979,0.0
-1.23662562728784,-0.20911376466170495,0.0
1.1757891321585328,1.038647768054266,1.0
-1.4167581947219516,-1.9342115414900827,1.0
1.1743124102447813,-0.6648443165733163,0.0
-1.1490869536681547,0.4724628695326073,1.0
0.8034526769684921,-0.2691959982265004,0.0
-0.5433814679750989,-1.7213303525075938,0.0
-0.03602271202653258,0.2193374134717544,0.0
0.9392795023557118,-0.11609892488635137,0.0
0.830707421722346,1.4911433789507587,1.0
-0.9703767371360712,-1.4285676636549638,0.0
-0.27971704530406505,-0.41951070591369866,0.0
0.5788495935959074,-0.44695942617375883,0.0
0.4615549270276325,0.16426113828288666,0.0
0.408206646686525,0.5812665698419364,1.0
-0.5500527725943714,1.7887917632812367,0.0
0.9609151043427756,0.12646074262207585,0.0
-0.41727578440663315,-0.1523672891645097,0.0
1.0278592570003628,0.438088031095762,1.0
1.969744129305322,0.8285836989468164,1.0
-1.3397410940872525,-3.338477316466406,1.0
2.7295434084918204,1.686935809991458,0.0
-0.03715184147573533,0.4679519877993809,0.0
-0.4935301490203859,0.46545798034788405,0.0
-0.9401616676899699,0.3417522879306172,1.0
-0.012364697751842929,-0.49679914924267543,0.0
-0.7404169506748406,0.23956823560021612,0.0
0.8092174968745856,0.4731352831057455,0.0
-0.7128680895574846,-1.1826948857421724,0.0
-0.02831411259989619,0.6574106609344424,0.0
-1.1269134416309203,-0.724663931719827,1.0
-0.027895454739363945,-0.967348571118954,0.0
1.3436409567091416,-0.948458498077962,0.0
0.6613019071846421,-0.25420342916165045,0.0
